CREATE DATABASE IF NOT EXISTS satisfactory_tracker;

CREATE USER IF NOT EXISTS 'tracker_user'@'%' IDENTIFIED BY 'KUTcF^TI@3JBsAP6';
GRANT ALL PRIVILEGES ON satisfactory_tracker.* TO 'tracker_user'@'%';
FLUSH PRIVILEGES;

CREATE TABLE part (
    id INT PRIMARY KEY AUTO_INCREMENT,
    part_name VARCHAR(255) NOT NULL,
    level INT,
    category VARCHAR(255)    
);
INSERT INTO part VALUES(1,'BAUXITE',0,'Raw Materials');
INSERT INTO part VALUES(2,'BLUE POWER SLUG',0,'Collectibles');
INSERT INTO part VALUES(3,'CATERIUM ORE',0,'Raw Materials');
INSERT INTO part VALUES(4,'COAL',0,'Raw Materials');
INSERT INTO part VALUES(5,'COPPER ORE',0,'Raw Materials');
INSERT INTO part VALUES(6,'CRUDE OIL',0,'Raw Materials');
INSERT INTO part VALUES(7,'HATCHER REMAINS',0,'Collectibles');
INSERT INTO part VALUES(8,'HOG REMAINS',0,'Collectibles');
INSERT INTO part VALUES(9,'IRON ORE',0,'Raw Materials');
INSERT INTO part VALUES(10,'LEAVES',0,'Collectibles');
INSERT INTO part VALUES(11,'LIMESTONE',0,'Raw Materials');
INSERT INTO part VALUES(12,'MYCELIA',0,'Collectibles');
INSERT INTO part VALUES(13,'NITROGEN GAS',0,'Raw Materials');
INSERT INTO part VALUES(14,'PURPLE POWER SLUG',0,'Collectibles');
INSERT INTO part VALUES(15,'RAW QUARTZ',0,'Raw Materials');
INSERT INTO part VALUES(16,'SAM ORE',0,'Raw Materials');
INSERT INTO part VALUES(17,'SPITTER REMAINS',0,'Collectibles');
INSERT INTO part VALUES(18,'STINGER REMAINS',0,'Collectibles');
INSERT INTO part VALUES(19,'SULFUR',0,'Raw Materials');
INSERT INTO part VALUES(20,'URANIUM',0,'Raw Materials');
INSERT INTO part VALUES(21,'WATER',0,'Raw Materials');
INSERT INTO part VALUES(22,'WOOD',0,'Collectibles');
INSERT INTO part VALUES(23,'YELLOW POWER SLUG',0,'Collectibles');
INSERT INTO part VALUES(24,'CATERIUM INGOT',1,'Parts');
INSERT INTO part VALUES(25,'CONCRETE',1,'Parts');
INSERT INTO part VALUES(26,'COPPER INGOT',1,'Parts');
INSERT INTO part VALUES(27,'DIAMONDS',1,'Parts');
INSERT INTO part VALUES(28,'IRON INGOT',1,'Parts');
INSERT INTO part VALUES(29,'QUARTZ CRYSTAL',1,'Parts');
INSERT INTO part VALUES(30,'REANIMATED SAM',1,'Parts');
INSERT INTO part VALUES(31,'SILICA',1,'Parts');
INSERT INTO part VALUES(32,'STEEL INGOT',1,'Parts');
INSERT INTO part VALUES(33,'ALUMINA SOLUTION',1.100000000000000089,'Parts');
INSERT INTO part VALUES(34,'ALUMINIUM SCRAP',1.100000000000000089,'Parts');
INSERT INTO part VALUES(35,'BATTERY',1.100000000000000089,'Parts');
INSERT INTO part VALUES(36,'BLACK POWDER',1.100000000000000089,'Parts');
INSERT INTO part VALUES(37,'FUEL',1.100000000000000089,'Parts');
INSERT INTO part VALUES(38,'IONIZED FUEL',1.100000000000000089,'Parts');
INSERT INTO part VALUES(39,'PLASTIC',1.100000000000000089,'Parts');
INSERT INTO part VALUES(40,'RUBBER',1.100000000000000089,'Parts');
INSERT INTO part VALUES(41,'SULFURIC ACID',1.100000000000000089,'Parts');
INSERT INTO part VALUES(42,'TURBOFUEL',1.100000000000000089,'Parts');
INSERT INTO part VALUES(43,'FABRIC',1.199999999999999956,'Parts');
INSERT INTO part VALUES(44,'PETROLEUM COKE',1.199999999999999956,'Parts');
INSERT INTO part VALUES(45,'ROCKET FUEL',1.199999999999999956,'Parts');
INSERT INTO part VALUES(46,'SMOKELESS POWDER',1.199999999999999956,'Parts');
INSERT INTO part VALUES(47,'PACKAGED ALUMINA SOLUTION',1.300000000000000044,'Parts');
INSERT INTO part VALUES(48,'PACKAGED FUEL',1.300000000000000044,'Parts');
INSERT INTO part VALUES(49,'PACKAGED HEAVY OIL RESIDUE',1.300000000000000044,'Parts');
INSERT INTO part VALUES(50,'PACKAGED IONIZED FUEL',1.300000000000000044,'Parts');
INSERT INTO part VALUES(51,'PACKAGED NITRIC ACID',1.300000000000000044,'Parts');
INSERT INTO part VALUES(52,'PACKAGED NITROGEN GAS',1.300000000000000044,'Parts');
INSERT INTO part VALUES(53,'PACKAGED OIL',1.300000000000000044,'Parts');
INSERT INTO part VALUES(54,'PACKAGED ROCKET FUEL',1.300000000000000044,'Parts');
INSERT INTO part VALUES(55,'PACKAGED SULFURIC ACID',1.300000000000000044,'Parts');
INSERT INTO part VALUES(56,'PACKAGED TURBOFUEL',1.300000000000000044,'Parts');
INSERT INTO part VALUES(57,'PACKAGED WATER',1.300000000000000044,'Parts');
INSERT INTO part VALUES(58,'UNPACKAGED ALUMINA SOLUTION',1.399999999999999912,'Parts');
INSERT INTO part VALUES(59,'UNPACKAGED FUEL',1.399999999999999912,'Parts');
INSERT INTO part VALUES(60,'UNPACKAGED HEAVY OIL RESIDUE',1.399999999999999912,'Parts');
INSERT INTO part VALUES(61,'UNPACKAGED IONIZED FUEL',1.399999999999999912,'Parts');
INSERT INTO part VALUES(62,'UNPACKAGED LIQUID BIOFUEL',1.399999999999999912,'Parts');
INSERT INTO part VALUES(63,'UNPACKAGED NITRIC ACID',1.399999999999999912,'Parts');
INSERT INTO part VALUES(64,'UNPACKAGED NITROGEN GAS',1.399999999999999912,'Parts');
INSERT INTO part VALUES(65,'UNPACKAGED OIL',1.399999999999999912,'Parts');
INSERT INTO part VALUES(66,'UNPACKAGED ROCKET FUEL',1.399999999999999912,'Parts');
INSERT INTO part VALUES(67,'UNPACKAGED SULFURIC ACID',1.399999999999999912,'Parts');
INSERT INTO part VALUES(68,'UNPACKAGED TURBOFUEL',1.399999999999999912,'Parts');
INSERT INTO part VALUES(69,'UNPACKAGED WATER',1.399999999999999912,'Parts');
INSERT INTO part VALUES(70,'ALUMINIUM INGOT',2,'Parts');
INSERT INTO part VALUES(71,'COPPER POWDER',2,'Parts');
INSERT INTO part VALUES(72,'COPPER SHEET',2,'Parts');
INSERT INTO part VALUES(73,'DARK MATTER CRYSTAL',2,'Parts');
INSERT INTO part VALUES(74,'DARK MATTER RESIDUE',2,'Parts');
INSERT INTO part VALUES(75,'FICSITE INGOT',2,'Parts');
INSERT INTO part VALUES(76,'IRON PLATE',2,'Parts');
INSERT INTO part VALUES(77,'IRON ROD',2,'Parts');
INSERT INTO part VALUES(78,'QUICKWIRE',2,'Parts');
INSERT INTO part VALUES(79,'STEEL BEAM',2,'Parts');
INSERT INTO part VALUES(80,'STEEL PIPE',2,'Parts');
INSERT INTO part VALUES(81,'TIME CRYSTAL',2,'Parts');
INSERT INTO part VALUES(82,'WIRE',2,'Parts');
INSERT INTO part VALUES(83,'AI LIMITER',3,'Parts');
INSERT INTO part VALUES(84,'ALCLAD ALUMINIUM SHEET',3,'Parts');
INSERT INTO part VALUES(85,'ALUMINIUM CASING',3,'Parts');
INSERT INTO part VALUES(86,'CABLE',3,'Parts');
INSERT INTO part VALUES(87,'CIRCUIT BOARD',3,'Parts');
INSERT INTO part VALUES(88,'EMPTY CANISTER',3,'Parts');
INSERT INTO part VALUES(89,'EMPTY FLUID TANK',3,'Parts');
INSERT INTO part VALUES(90,'ENCASED INDUSTRIAL BEAM',3,'Parts');
INSERT INTO part VALUES(91,'FICSITE TRIGON',3,'Parts');
INSERT INTO part VALUES(92,'SAM FLUCTUATOR',3,'Parts');
INSERT INTO part VALUES(93,'SCREW',3,'Parts');
INSERT INTO part VALUES(94,'STATOR',3,'Parts');
INSERT INTO part VALUES(95,'AUTOMATED WIRING',4,'Parts');
INSERT INTO part VALUES(96,'ELECTROMAGNETIC CONTROL ROD',4,'Parts');
INSERT INTO part VALUES(97,'HEAT SINK',4,'Parts');
INSERT INTO part VALUES(98,'REINFORCED IRON PLATE',4,'Parts');
INSERT INTO part VALUES(99,'ROTOR',4,'Parts');
INSERT INTO part VALUES(100,'COMPUTER',4.099999999999999644,'Parts');
INSERT INTO part VALUES(101,'HIGH-SPEED CONNECTOR',4.099999999999999644,'Parts');
INSERT INTO part VALUES(102,'CRYSTAL OSCILLATOR',5,'Parts');
INSERT INTO part VALUES(103,'MODULAR FRAME',5,'Parts');
INSERT INTO part VALUES(104,'MOTOR',5,'Parts');
INSERT INTO part VALUES(105,'SMART PLATING',5,'Parts');
INSERT INTO part VALUES(106,'SUPERCOMPUTER',5,'Parts');
INSERT INTO part VALUES(107,'COOLING SYSTEM',6,'Parts');
INSERT INTO part VALUES(108,'HEAVY MODULAR FRAME',6,'Parts');
INSERT INTO part VALUES(109,'MODULAR ENGINE',6,'Parts');
INSERT INTO part VALUES(110,'RADIO CONTROL UNIT',6,'Parts');
INSERT INTO part VALUES(111,'VERSATILE FRAMEWORK',6,'Parts');
INSERT INTO part VALUES(112,'FUSED MODULAR FRAME',7,'Parts');
INSERT INTO part VALUES(113,'ADAPTIVE CONTROL UNIT',7.099999999999999645,'Parts');
INSERT INTO part VALUES(114,'PRESSURE CONVERSION CUBE',7.099999999999999645,'Parts');
INSERT INTO part VALUES(115,'TURBO MOTOR',7.200000000000000177,'Parts');
INSERT INTO part VALUES(116,'ASSEMBLY DIRECTOR SYSTEM',7.299999999999999823,'Parts');
INSERT INTO part VALUES(117,'MAGNETIC FIELD GENERATOR',7.299999999999999823,'Parts');
INSERT INTO part VALUES(118,'NUCLEAR PASTA',7.299999999999999823,'Parts');
INSERT INTO part VALUES(119,'THERMAL PROPULSION ROCKET',7.299999999999999823,'Parts');
INSERT INTO part VALUES(120,'EXCITED PHOTONIC MATTER',8,'Parts');
INSERT INTO part VALUES(121,'NEURAL-QUANTUM PROCESSOR',8,'Parts');
INSERT INTO part VALUES(122,'SINGULARITY CELL',8,'Parts');
INSERT INTO part VALUES(123,'SUPERPOSITION OSCILLATOR',8,'Parts');
INSERT INTO part VALUES(124,'AI EXPANSION SERVER',8.099999999999999645,'Parts');
INSERT INTO part VALUES(125,'ALIEN POWER MATRIX',8.099999999999999645,'Parts');
INSERT INTO part VALUES(126,'BALLISTIC WARP DRIVE',8.099999999999999645,'Parts');
INSERT INTO part VALUES(127,'BIOCHEMICAL SCULPTOR',8.099999999999999645,'Parts');
INSERT INTO part VALUES(128,'POWER SHARD',8.099999999999999645,'Parts');
INSERT INTO part VALUES(129,'ENCASED URANIUM CELL',9,'Parts');
INSERT INTO part VALUES(130,'FICSONIUM FUEL ROD',9,'Parts');
INSERT INTO part VALUES(131,'NITRIC ACID',9,'Parts');
INSERT INTO part VALUES(132,'NON-FISSILE URANIUM',9,'Parts');
INSERT INTO part VALUES(133,'URANIUM FUEL ROD',9,'Parts');
INSERT INTO part VALUES(134,'URANIUM WASTE',9,'Parts');
INSERT INTO part VALUES(135,'PLUTONIUM PELLET',9.099999999999999645,'Parts');
INSERT INTO part VALUES(136,'ENCASED PLUTONIUM CELL',9.199999999999999289,'Parts');
INSERT INTO part VALUES(137,'FICSONIUM',9.199999999999999289,'Parts');
INSERT INTO part VALUES(138,'PLUTONIUM FUEL ROD',9.30000000000000072,'Parts');
INSERT INTO part VALUES(139,'PLUTONIUM WASTE',9.30000000000000072,'Parts');
INSERT INTO part VALUES(140,'CLUSTER NOBELISK',10,'Equipment');
INSERT INTO part VALUES(141,'EXPLOSIVE REBAR',10,'Equipment');
INSERT INTO part VALUES(142,'GAS FILTER',10,'Parts');
INSERT INTO part VALUES(143,'IODINE INFUSED FILTER',10,'Parts');
INSERT INTO part VALUES(144,'IRON REBAR',10,'Equipment');
INSERT INTO part VALUES(145,'LIQUID BIOFUEL',10,'Parts');
INSERT INTO part VALUES(146,'NOBELISK',10,'Parts');
INSERT INTO part VALUES(147,'NUKE NOBELISK',10,'Equipment');
INSERT INTO part VALUES(148,'PACKAGED LIQUID BIOFUEL',10,'Parts');
INSERT INTO part VALUES(149,'PULSE NOBELISK',10,'Equipment');
INSERT INTO part VALUES(150,'RIFLE AMMO',10,'Parts');
INSERT INTO part VALUES(151,'SHATTER REBAR',10,'Equipment');
INSERT INTO part VALUES(152,'STUN REBAR',10,'Parts');
INSERT INTO part VALUES(153,'TURBO RIFLE AMMO',10,'Equipment');
INSERT INTO part VALUES(154,'BACON AGARIC',0,'Collectibles');
INSERT INTO part VALUES(155,'BERYL NUT',0,'Collectibles');
INSERT INTO part VALUES(156,'PALEBERRY',0,'Collectibles');
INSERT INTO part VALUES(157,'ALIEN DNA CAPSULE',10,'Parts');
INSERT INTO part VALUES(158,'GAS NOBELISK',10,'Equipment');
INSERT INTO part VALUES(159,'HOMING RIFLE AMMO',10,'Parts');
INSERT INTO part VALUES(160,'SOLID BIOFUEL',10,'Parts');
INSERT INTO part VALUES(161,'BLADE RUNNERS',10.09999999999999965,'Equipment');
INSERT INTO part VALUES(162,'CHAINSAW',10.09999999999999965,'Equipment');
INSERT INTO part VALUES(163,'FACTORY CARTTM',10.09999999999999965,'Equipment');
INSERT INTO part VALUES(164,'GAS MASK',10.09999999999999965,'Equipment');
INSERT INTO part VALUES(165,'HAZMAT SUIT',10.09999999999999965,'Equipment');
INSERT INTO part VALUES(166,'HOVER PACK',10.09999999999999965,'Parts');
INSERT INTO part VALUES(167,'JETPACK',10.09999999999999965,'Equipment');
INSERT INTO part VALUES(168,'NOBELISK DETONATOR',10.09999999999999965,'Equipment');
INSERT INTO part VALUES(169,'NUTRITIONAL INHALOR',10.09999999999999965,'Equipment');
INSERT INTO part VALUES(170,'OBJECT SCANNER',10.09999999999999965,'Equipment');
INSERT INTO part VALUES(171,'PARACHUTE',10.09999999999999965,'Equipment');
INSERT INTO part VALUES(172,'PORTABLE MINER',10.09999999999999965,'Equipment');
INSERT INTO part VALUES(173,'PROTEIN INHALER',10.09999999999999965,'Equipment');
INSERT INTO part VALUES(174,'REBAR GUN',10.09999999999999965,'Equipment');
INSERT INTO part VALUES(175,'RIFLE',10.09999999999999965,'Equipment');
INSERT INTO part VALUES(176,'THERAPEUTIC INHALER',10.09999999999999965,'Parts');
INSERT INTO part VALUES(177,'VITAMIN INHALER',10.09999999999999965,'Equipment');
INSERT INTO part VALUES(178,'XENO-BASHER',10.09999999999999965,'Equipment');
INSERT INTO part VALUES(179,'XENO-ZAPPER',10.09999999999999965,'Equipment');
INSERT INTO part VALUES(180,'ZIPLINE',10.09999999999999965,'Equipment');
INSERT INTO part VALUES(181,'BAUXITE MINING NODE',11,'Dummy Record for End of Recursion');
INSERT INTO part VALUES(182,'CATERIUM  MINING NODE',11,'Dummy Record for End of Recursion');
INSERT INTO part VALUES(183,'COAL  MINING NODE',11,'Dummy Record for End of Recursion');
INSERT INTO part VALUES(184,'COPPER  MINING NODE',11,'Dummy Record for End of Recursion');
INSERT INTO part VALUES(185,'CRUDE OIL WELL',11,'Dummy Record for End of Recursion');
INSERT INTO part VALUES(186,'IRON MINING NODE',11,'Dummy Record for End of Recursion');
INSERT INTO part VALUES(187,'LIMESTONE MINING NODE',11,'Dummy Record for End of Recursion');
INSERT INTO part VALUES(188,'NO INPUT',11,'Dummy Record for End of Recursion');
INSERT INTO part VALUES(189,'NITROGEN GAS WELL',11,'Dummy Record for End of Recursion');
INSERT INTO part VALUES(190,'RAW QUARTZ MINING NODE',11,'Dummy Record for End of Recursion');
INSERT INTO part VALUES(191,'S.A.M. ORE MINING NODE',11,'Dummy Record for End of Recursion');
INSERT INTO part VALUES(192,'SULFUR MINING NODE',11,'Dummy Record for End of Recursion');
INSERT INTO part VALUES(193,'URANIUM MINING NODE',11,'Dummy Record for End of Recursion');
INSERT INTO part VALUES(194,'BODIES OF WATER',11,'Dummy Record for End of Recursion');
INSERT INTO part VALUES(195,'COLLECT BACON AGARIC',11,'Dummy Record for End of Recursion');
INSERT INTO part VALUES(196,'COLLECT BERYL NUT',11,'Dummy Record for End of Recursion');
INSERT INTO part VALUES(197,'COLLECT BLUE SLUGS',11,'Dummy Record for End of Recursion');
INSERT INTO part VALUES(198,'KILL HATCHERS',11,'Dummy Record for End of Recursion');
INSERT INTO part VALUES(199,'KILL HOGS',11,'Dummy Record for End of Recursion');
INSERT INTO part VALUES(200,'BUSHES/TREES',11,'Dummy Record for End of Recursion');
INSERT INTO part VALUES(201,'MUSHROOMS/ROUND THINGS IN DESSERT/MUSHROOM TREES',11,'Dummy Record for End of Recursion');
INSERT INTO part VALUES(202,'COLLECT PALEBERRY',11,'Dummy Record for End of Recursion');
INSERT INTO part VALUES(203,'COLLECT PURPLE SLUGS',11,'Dummy Record for End of Recursion');
INSERT INTO part VALUES(204,'KILL SPITTERS',11,'Dummy Record for End of Recursion');
INSERT INTO part VALUES(205,'KILL STINGERS ALL OF THEM',11,'Dummy Record for End of Recursion');
INSERT INTO part VALUES(206,'BRANCHES/TREES',11,'Dummy Record for End of Recursion');
INSERT INTO part VALUES(207,'COLLECT YELLOW SLUGS',11,'Dummy Record for End of Recursion');
INSERT INTO part VALUES(208,'COMPACTED COAL',NULL,NULL);
INSERT INTO part VALUES(209,'HEAVY OIL RESIDUE',NULL,NULL);
INSERT INTO part VALUES(210,'POLYMER RESIN',NULL,NULL);
INSERT INTO part VALUES(211,'ALIEN PROTEIN',NULL,NULL);
INSERT INTO part VALUES(212,'BIOMASS',NULL,NULL);
CREATE TABLE recipe (
    id INT PRIMARY KEY AUTO_INCREMENT,
    part_id INT NOT NULL,
    recipe_name VARCHAR(255) NOT NULL,
    ingredient_count INT,
    source_level INT,
    base_input VARCHAR(255),
    base_production_type VARCHAR(255),
    produced_in_automated VARCHAR(255),
    produced_in_manual VARCHAR(255),
    base_demand_pm FLOAT,
    base_supply_pm FLOAT,
    byproduct VARCHAR(255),
    byproduct_supply_pm FLOAT,
    FOREIGN KEY(part_id) REFERENCES part(id)
);
INSERT INTO recipe VALUES(1,154,'_Standard',1,11,'COLLECT BACON AGARIC','Manual',NULL,'Collect By Hand',0.0,0.0,NULL,NULL);
INSERT INTO recipe VALUES(2,1,'_Standard',1,11,'BAUXITE MINING NODE','Automated','Miner','Collect By Hand',1.0,240.0,NULL,NULL);
INSERT INTO recipe VALUES(3,1,'Bauxite (Caterium)',1,0,'CATERIUM ORE','Automated','Converter',NULL,150.0,120.0,NULL,NULL);
INSERT INTO recipe VALUES(4,1,'Bauxite (Caterium)',2,1,'REANIMATED SAM','Automated','Converter',NULL,10.0,120.0,NULL,NULL);
INSERT INTO recipe VALUES(5,1,'Bauxite (Copper)',1,0,'COPPER ORE','Automated','Converter',NULL,180.0,120.0,NULL,NULL);
INSERT INTO recipe VALUES(6,1,'Bauxite (Copper)',2,1,'REANIMATED SAM','Automated','Converter',NULL,10.0,120.0,NULL,NULL);
INSERT INTO recipe VALUES(7,155,'_Standard',1,11,'COLLECT BERYL NUT','Manual',NULL,'Collect By Hand',0.0,0.0,NULL,NULL);
INSERT INTO recipe VALUES(8,2,'_Standard',1,11,'COLLECT BLUE SLUGS','Automated',NULL,'Collect By Hand',0.0,0.0,NULL,NULL);
INSERT INTO recipe VALUES(9,3,'_Standard',1,11,'CATERIUM  MINING NODE','Automated','Miner','Collect By Hand',1.0,240.0,NULL,NULL);
INSERT INTO recipe VALUES(10,3,'Caterium Ore (Copper)',1,0,'COPPER ORE','Automated','Converter',NULL,150.0,120.0,NULL,NULL);
INSERT INTO recipe VALUES(11,3,'Caterium Ore (Copper)',2,1,'REANIMATED SAM','Automated','Converter',NULL,10.0,120.0,NULL,NULL);
INSERT INTO recipe VALUES(12,3,'Caterium Ore (Quartz)',1,0,'RAW QUARTZ','Automated','Converter',NULL,120.0,120.0,NULL,NULL);
INSERT INTO recipe VALUES(13,3,'Caterium Ore (Quartz)',2,1,'REANIMATED SAM','Automated','Converter',NULL,10.0,120.0,NULL,NULL);
INSERT INTO recipe VALUES(14,4,'_Standard',1,11,'COAL  MINING NODE','Automated','Miner','Collect By Hand',1.0,240.0,NULL,NULL);
INSERT INTO recipe VALUES(15,4,'Alternate: Biocoal',1,10,'BIOMASS','Automated','Constructor','Collect By Hand',37.5,45.0,NULL,NULL);
INSERT INTO recipe VALUES(16,4,'Alternate: Charcoal',1,0,'WOOD','Automated','Constructor','Collect By Hand',15.0,150.0,NULL,NULL);
INSERT INTO recipe VALUES(17,4,'Coal (Iron)',1,0,'IRON ORE','Automated','Converter',NULL,180.0,120.0,NULL,NULL);
INSERT INTO recipe VALUES(18,4,'Coal (Iron)',2,1,'REANIMATED SAM','Automated','Converter',NULL,10.0,120.0,NULL,NULL);
INSERT INTO recipe VALUES(19,4,'Coal (Limestone)',1,0,'LIMESTONE','Automated','Converter',NULL,360.0,120.0,NULL,NULL);
INSERT INTO recipe VALUES(20,4,'Coal (Limestone)',2,1,'REANIMATED SAM','Automated','Converter',NULL,10.0,120.0,NULL,NULL);
INSERT INTO recipe VALUES(21,5,'_Standard',1,11,'COPPER  MINING NODE','Automated','Miner','Collect By Hand',1.0,240.0,NULL,NULL);
INSERT INTO recipe VALUES(22,5,'Copper Ore (Quartz)',1,1,'REANIMATED SAM','Automated','Converter',NULL,10.0,120.0,NULL,NULL);
INSERT INTO recipe VALUES(23,5,'Copper Ore (Quartz)',2,0,'RAW QUARTZ','Automated','Converter',NULL,100.0,120.0,NULL,NULL);
INSERT INTO recipe VALUES(24,5,'Copper Ore (Sulfur)',1,1,'REANIMATED SAM','Automated','Converter',NULL,10.0,120.0,NULL,NULL);
INSERT INTO recipe VALUES(25,5,'Copper Ore (Sulfur)',2,0,'SULFUR','Automated','Converter',NULL,120.0,120.0,NULL,NULL);
INSERT INTO recipe VALUES(26,6,'_Standard',1,11,'CRUDE OIL WELL','Automated','Oil Extractor','Collect By Hand',1.0,240.0,NULL,NULL);
INSERT INTO recipe VALUES(27,7,'_Standard',1,11,'KILL HATCHERS','Automated',NULL,'Collect By Hand',0.0,0.0,NULL,NULL);
INSERT INTO recipe VALUES(28,8,'_Standard',1,11,'KILL HOGS','Automated',NULL,'Collect By Hand',0.0,0.0,NULL,NULL);
INSERT INTO recipe VALUES(29,9,'_Standard',1,11,'IRON MINING NODE','Automated','Miner','Collect By Hand',1.0,240.0,NULL,NULL);
INSERT INTO recipe VALUES(30,9,'Iron Ore (Limestone)',1,0,'LIMESTONE','Automated','Converter',NULL,240.0,120.0,NULL,NULL);
INSERT INTO recipe VALUES(31,9,'Iron Ore (Limestone)',2,1,'REANIMATED SAM','Automated','Converter',NULL,10.0,120.0,NULL,NULL);
INSERT INTO recipe VALUES(32,10,'_Standard',1,11,'BUSHES/TREES','Automated',NULL,'Collect By Hand',0.0,0.0,NULL,NULL);
INSERT INTO recipe VALUES(33,11,'_Standard',1,11,'LIMESTONE MINING NODE','Automated','Miner','Collect By Hand',1.0,240.0,NULL,NULL);
INSERT INTO recipe VALUES(34,11,'Limestone (Sulfur)',1,1,'REANIMATED SAM','Automated','Converter',NULL,10.0,120.0,NULL,NULL);
INSERT INTO recipe VALUES(35,11,'Limestone (Sulfur)',2,0,'SULFUR','Automated','Converter',NULL,20.0,120.0,NULL,NULL);
INSERT INTO recipe VALUES(36,12,'_Standard',1,11,'MUSHROOMS/ROUND THINGS IN DESSERT/MUSHROOM TREES','Automated',NULL,'Collect By Hand',0.0,0.0,NULL,NULL);
INSERT INTO recipe VALUES(37,13,'_Standard',1,11,'NITROGEN GAS WELL','Automated','Resource Well','Collect By Hand',1.0,240.0,NULL,NULL);
INSERT INTO recipe VALUES(38,13,'Nitrogen Gas (Bauxite)',1,0,'BAUXITE','Automated','Converter',NULL,100.0,120.0,NULL,NULL);
INSERT INTO recipe VALUES(39,13,'Nitrogen Gas (Bauxite)',2,1,'REANIMATED SAM','Automated','Converter',NULL,10.0,120.0,NULL,NULL);
INSERT INTO recipe VALUES(40,13,'Nitrogen Gas (Caterium)',1,0,'CATERIUM ORE','Automated','Converter',NULL,120.0,120.0,NULL,NULL);
INSERT INTO recipe VALUES(41,13,'Nitrogen Gas (Caterium)',2,1,'REANIMATED SAM','Automated','Converter',NULL,10.0,120.0,NULL,NULL);
INSERT INTO recipe VALUES(42,156,'_Standard',1,11,'COLLECT PALEBERRY','Manual',NULL,'Collect By Hand',0.0,0.0,NULL,NULL);
INSERT INTO recipe VALUES(43,14,'_Standard',1,11,'COLLECT PURPLE SLUGS','Automated',NULL,'Collect By Hand',0.0,0.0,NULL,NULL);
INSERT INTO recipe VALUES(44,15,'_Standard',1,11,'RAW QUARTZ MINING NODE','Automated','Miner','Collect By Hand',1.0,240.0,NULL,NULL);
INSERT INTO recipe VALUES(45,15,'Raw Quartz (Bauxite)',1,0,'BAUXITE','Automated','Converter',NULL,100.0,120.0,NULL,NULL);
INSERT INTO recipe VALUES(46,15,'Raw Quartz (Bauxite)',2,1,'REANIMATED SAM','Automated','Converter',NULL,10.0,120.0,NULL,NULL);
INSERT INTO recipe VALUES(47,15,'Raw Quartz (Coal)',1,0,'COAL','Automated','Converter',NULL,240.0,120.0,NULL,NULL);
INSERT INTO recipe VALUES(48,15,'Raw Quartz (Coal)',2,1,'REANIMATED SAM','Automated','Converter',NULL,10.0,120.0,NULL,NULL);
INSERT INTO recipe VALUES(49,16,'_Standard',1,11,'S.A.M. ORE MINING NODE','Automated','Miner','Collect By Hand',1.0,240.0,NULL,NULL);
INSERT INTO recipe VALUES(50,17,'_Standard',1,11,'KILL SPITTERS','Automated',NULL,'Collect By Hand',0.0,0.0,NULL,NULL);
INSERT INTO recipe VALUES(51,18,'_Standard',1,11,'KILL STINGERS ALL OF THEM','Automated',NULL,'Collect By Hand',0.0,0.0,NULL,NULL);
INSERT INTO recipe VALUES(52,19,'_Standard',1,11,'SULFUR MINING NODE','Automated','Miner','Collect By Hand',1.0,240.0,NULL,NULL);
INSERT INTO recipe VALUES(53,19,'Sulfur (Coal)',1,0,'COAL','Automated','Converter',NULL,200.0,120.0,NULL,NULL);
INSERT INTO recipe VALUES(54,19,'Sulfur (Coal)',2,1,'REANIMATED SAM','Automated','Converter',NULL,10.0,120.0,NULL,NULL);
INSERT INTO recipe VALUES(55,19,'Sulfur (Iron)',1,0,'IRON ORE','Automated','Converter',NULL,300.0,120.0,NULL,NULL);
INSERT INTO recipe VALUES(56,19,'Sulfur (Iron)',2,1,'REANIMATED SAM','Automated','Converter',NULL,10.0,120.0,NULL,NULL);
INSERT INTO recipe VALUES(57,20,'_Standard',1,11,'URANIUM MINING NODE','Automated','Miner','Collect By Hand',1.0,240.0,NULL,NULL);
INSERT INTO recipe VALUES(58,20,'Uranium Ore (Bauxite)',1,0,'BAUXITE','Automated','Converter',NULL,480.0,120.0,NULL,NULL);
INSERT INTO recipe VALUES(59,20,'Uranium Ore (Bauxite)',2,1,'REANIMATED SAM','Automated','Converter',NULL,10.0,120.0,NULL,NULL);
INSERT INTO recipe VALUES(60,21,'_Standard',1,11,'BODIES OF WATER','Automated','Water Extractor',NULL,1.0,240.0,NULL,NULL);
INSERT INTO recipe VALUES(61,22,'_Standard',1,11,'BRANCHES/TREES','Automated',NULL,'Collect By Hand',0.0,0.0,NULL,NULL);
INSERT INTO recipe VALUES(62,23,'_Standard',1,11,'COLLECT YELLOW SLUGS','Automated',NULL,'Collect By Hand',0.0,0.0,NULL,NULL);
INSERT INTO recipe VALUES(63,24,'_Standard',1,0,'CATERIUM ORE','Automated','Smelter','Craft Bench',45.0,15.0,NULL,NULL);
INSERT INTO recipe VALUES(64,24,'Alternate: Tempered Caterium Ingot',1,0,'CATERIUM ORE','Automated','Foundry',NULL,45.0,22.5,NULL,NULL);
INSERT INTO recipe VALUES(65,24,'Alternate: Tempered Caterium Ingot',2,1.199999999999999956,'PETROLEUM COKE','Automated','Foundry',NULL,15.0,22.5,NULL,NULL);
INSERT INTO recipe VALUES(66,208,'Alternate: Compacted Coal',1,0,'COAL','Automated','Assembler',NULL,25.0,25.0,NULL,NULL);
INSERT INTO recipe VALUES(67,208,'Alternate: Compacted Coal',2,0,'SULFUR','Automated','Assembler',NULL,25.0,25.0,NULL,NULL);
INSERT INTO recipe VALUES(68,25,'_Standard',1,0,'LIMESTONE','Automated','Constructor','Craft Bench',45.0,15.0,NULL,NULL);
INSERT INTO recipe VALUES(69,25,'Alternate: Fine Concrete',1,0,'LIMESTONE','Automated','Assembler',NULL,60.0,50.0,NULL,NULL);
INSERT INTO recipe VALUES(70,25,'Alternate: Fine Concrete',2,1,'SILICA','Automated','Assembler',NULL,15.0,50.0,NULL,NULL);
INSERT INTO recipe VALUES(71,25,'Alternate: Rubber Concrete',1,0,'LIMESTONE','Automated','Assembler',NULL,100.0,90.0,NULL,NULL);
INSERT INTO recipe VALUES(72,25,'Alternate: Rubber Concrete',2,1.100000000000000089,'RUBBER','Automated','Assembler',NULL,20.0,90.0,NULL,NULL);
INSERT INTO recipe VALUES(73,26,'_Standard',1,0,'COPPER ORE','Automated','Smelter','Craft Bench',30.0,30.0,NULL,NULL);
INSERT INTO recipe VALUES(74,26,'Alternate: Copper Alloy Ingot',1,0,'COPPER ORE','Automated','Foundry',NULL,50.0,100.0,NULL,NULL);
INSERT INTO recipe VALUES(75,26,'Alternate: Copper Alloy Ingot',2,0,'IRON ORE','Automated','Foundry',NULL,50.0,100.0,NULL,NULL);
INSERT INTO recipe VALUES(76,26,'Alternate: Tempered Copper Ingot',1,0,'COPPER ORE','Automated','Foundry',NULL,25.0,60.0,NULL,NULL);
INSERT INTO recipe VALUES(77,26,'Alternate: Tempered Copper Ingot',2,1.199999999999999956,'PETROLEUM COKE','Automated','Foundry',NULL,40.0,60.0,NULL,NULL);
INSERT INTO recipe VALUES(78,27,'_Standard',1,0,'COAL','Automated','Particle Accelerator',NULL,600.0,30.0,NULL,NULL);
INSERT INTO recipe VALUES(79,27,'Alternate: Cloudy Diamonds',1,0,'COAL','Automated','Particle Accelerator',NULL,240.0,20.0,NULL,NULL);
INSERT INTO recipe VALUES(80,27,'Alternate: Cloudy Diamonds',2,0,'LIMESTONE','Automated','Particle Accelerator',NULL,480.0,20.0,NULL,NULL);
INSERT INTO recipe VALUES(81,28,'_Standard',1,0,'IRON ORE','Automated','Smelter','Craft Bench',30.0,30.0,NULL,NULL);
INSERT INTO recipe VALUES(82,28,'Alternate: Basic Iron Ingot',1,0,'IRON ORE','Automated','Foundry',NULL,25.0,50.0,NULL,NULL);
INSERT INTO recipe VALUES(83,28,'Alternate: Basic Iron Ingot',2,0,'LIMESTONE','Automated','Foundry',NULL,40.0,50.0,NULL,NULL);
INSERT INTO recipe VALUES(84,28,'Alternate: Iron Alloy Ingot',1,0,'COPPER ORE','Automated','Foundry',NULL,10.0,75.0,NULL,NULL);
INSERT INTO recipe VALUES(85,28,'Alternate: Iron Alloy Ingot',2,0,'IRON ORE','Automated','Foundry',NULL,40.0,75.0,NULL,NULL);
INSERT INTO recipe VALUES(86,29,'_Standard',1,0,'RAW QUARTZ','Automated','Constructor','Craft Bench',37.5,22.5,NULL,NULL);
INSERT INTO recipe VALUES(87,29,'Alternate: Fused Quartz Crystal',1,0,'COAL','Automated','Foundry',NULL,36.0,54.0,NULL,NULL);
INSERT INTO recipe VALUES(88,29,'Alternate: Fused Quartz Crystal',2,0,'RAW QUARTZ','Automated','Foundry',NULL,75.0,54.0,NULL,NULL);
INSERT INTO recipe VALUES(89,30,'_Standard',1,0,'SAM ORE','Automated','Constructor','Crafting Bench',120.0,30.0,NULL,NULL);
INSERT INTO recipe VALUES(90,31,'_Standard',1,0,'RAW QUARTZ','Automated','Constructor','Craft Bench',22.5,37.5,'ALUMINA SOLUTION',NULL);
INSERT INTO recipe VALUES(91,31,'Alternate: Cheap Silica',1,0,'LIMESTONE','Automated','Assembler',NULL,37.5,52.5,'ALUMINA SOLUTION',NULL);
INSERT INTO recipe VALUES(92,31,'Alternate: Cheap Silica',2,0,'RAW QUARTZ','Automated','Assembler',NULL,22.5,52.5,'ALUMINA SOLUTION',NULL);
INSERT INTO recipe VALUES(93,32,'_Standard',1,0,'COAL','Automated','Foundry','Craft Bench',45.0,45.0,NULL,NULL);
INSERT INTO recipe VALUES(94,32,'_Standard',2,0,'IRON ORE','Automated','Foundry','Craft Bench',45.0,45.0,NULL,NULL);
INSERT INTO recipe VALUES(95,32,'Alternate: Coke Steel Ingot',1,0,'IRON ORE','Automated','Foundry',NULL,75.0,100.0,NULL,NULL);
INSERT INTO recipe VALUES(96,32,'Alternate: Coke Steel Ingot',2,1.199999999999999956,'PETROLEUM COKE','Automated','Foundry',NULL,75.0,100.0,NULL,NULL);
INSERT INTO recipe VALUES(97,32,'Alternate: Compacted Steel Ingot',1,1,'COMPACTED COAL','Automated','Foundry',NULL,2.5,10.0,NULL,NULL);
INSERT INTO recipe VALUES(98,32,'Alternate: Compacted Steel Ingot',2,0,'IRON ORE','Automated','Foundry',NULL,5.0,10.0,NULL,NULL);
INSERT INTO recipe VALUES(99,32,'Alternate: Solid Steel Ingot',1,0,'COAL','Automated','Foundry',NULL,40.0,60.0,NULL,NULL);
INSERT INTO recipe VALUES(100,32,'Alternate: Solid Steel Ingot',2,1,'IRON INGOT','Automated','Foundry',NULL,40.0,60.0,NULL,NULL);
INSERT INTO recipe VALUES(101,33,'_Standard',1,0,'BAUXITE','Automated','Refinery',NULL,120.0,120.0,'SILICA',50.0);
INSERT INTO recipe VALUES(102,33,'_Standard',2,0,'WATER','Automated','Refinery',NULL,180.0,120.0,'SILICA',50.0);
INSERT INTO recipe VALUES(103,33,'Alternate: Sloppy Alumina',1,0,'BAUXITE','Automated','Refinery',NULL,200.0,240.0,NULL,NULL);
INSERT INTO recipe VALUES(104,33,'Alternate: Sloppy Alumina',2,0,'WATER','Automated','Refinery',NULL,200.0,240.0,NULL,NULL);
INSERT INTO recipe VALUES(105,34,'_Standard',1,1.100000000000000089,'ALUMINA SOLUTION','Automated','Refinery',NULL,240.0,360.0,'ALUMINA SOLUTION',120.0);
INSERT INTO recipe VALUES(106,34,'_Standard',2,0,'COAL','Automated','Refinery',NULL,120.0,360.0,'ALUMINA SOLUTION',120.0);
INSERT INTO recipe VALUES(107,34,'Alternate: Electrode Alumina Scrap',1,1.100000000000000089,'ALUMINA SOLUTION','Automated','Refinery',NULL,180.0,300.0,'WATER',105.0);
INSERT INTO recipe VALUES(108,34,'Alternate: Electrode Alumina Scrap',2,1.199999999999999956,'PETROLEUM COKE','Automated','Refinery',NULL,60.0,300.0,'WATER',105.0);
INSERT INTO recipe VALUES(109,34,'Alternate: Instant Scrap',1,0,'BAUXITE','Automated','Blender',NULL,150.0,300.0,'WATER',50.0);
INSERT INTO recipe VALUES(110,34,'Alternate: Instant Scrap',2,0,'COAL','Automated','Blender',NULL,100.0,300.0,'WATER',50.0);
INSERT INTO recipe VALUES(111,34,'Alternate: Instant Scrap',3,1.100000000000000089,'SULFURIC ACID','Automated','Blender',NULL,50.0,300.0,'WATER',50.0);
INSERT INTO recipe VALUES(112,34,'Alternate: Instant Scrap',4,0,'WATER','Automated','Blender',NULL,60.0,300.0,'WATER',50.0);
INSERT INTO recipe VALUES(113,35,'_Standard',1,1.100000000000000089,'ALUMINA SOLUTION','Automated','Blender',NULL,40.0,20.0,'WATER',30.0);
INSERT INTO recipe VALUES(114,35,'_Standard',2,3,'ALUMINIUM CASING','Automated','Blender',NULL,20.0,20.0,'WATER',30.0);
INSERT INTO recipe VALUES(115,35,'_Standard',3,1.100000000000000089,'SULFURIC ACID','Automated','Blender',NULL,50.0,20.0,'WATER',30.0);
INSERT INTO recipe VALUES(116,35,'Alternate: Classic Battery',1,3,'ALCLAD ALUMINIUM SHEET','Automated','Manufacturer',NULL,52.5,30.0,NULL,NULL);
INSERT INTO recipe VALUES(117,35,'Alternate: Classic Battery',2,1.100000000000000089,'PLASTIC','Automated','Manufacturer',NULL,60.0,30.0,NULL,NULL);
INSERT INTO recipe VALUES(118,35,'Alternate: Classic Battery',3,0,'SULFUR','Automated','Manufacturer',NULL,45.0,30.0,NULL,NULL);
INSERT INTO recipe VALUES(119,35,'Alternate: Classic Battery',4,2,'WIRE','Automated','Manufacturer',NULL,90.0,30.0,NULL,NULL);
INSERT INTO recipe VALUES(120,36,'_Standard',1,0,'COAL','Automated','Assembler','Equipment Workshop',15.0,30.0,NULL,NULL);
INSERT INTO recipe VALUES(121,36,'_Standard',2,0,'SULFUR','Automated','Assembler','Equipment Workshop',15.0,30.0,NULL,NULL);
INSERT INTO recipe VALUES(122,36,'Alternate: Fine Black Powder',1,1,'COMPACTED COAL','Automated','Assembler',NULL,15.0,45.0,NULL,NULL);
INSERT INTO recipe VALUES(123,36,'Alternate: Fine Black Powder',2,0,'SULFUR','Automated','Assembler',NULL,7.5,45.0,NULL,NULL);
INSERT INTO recipe VALUES(124,86,'Alternate: Coated Cable',1,1.100000000000000089,'HEAVY OIL RESIDUE','Automated','Refinery',NULL,15.0,67.5,NULL,NULL);
INSERT INTO recipe VALUES(125,86,'Alternate: Coated Cable',2,2,'Wire','Automated','Refinery',NULL,37.5,67.5,NULL,NULL);
INSERT INTO recipe VALUES(126,24,'Alternate: Leached Caterium Ingot',1,0,'CATERIUM ORE','Automated','Refinery',NULL,54.0,36.0,NULL,NULL);
INSERT INTO recipe VALUES(127,24,'Alternate: Leached Caterium Ingot',2,1.100000000000000089,'SULFURIC ACID','Automated','Refinery',NULL,30.0,36.0,NULL,NULL);
INSERT INTO recipe VALUES(128,24,'Alternate: Pure Caterium Ingot',1,0,'CATERIUM ORE','Automated','Refinery',NULL,24.0,12.0,NULL,NULL);
INSERT INTO recipe VALUES(129,24,'Alternate: Pure Caterium Ingot',2,0,'WATER','Automated','Refinery',NULL,24.0,12.0,NULL,NULL);
INSERT INTO recipe VALUES(130,25,'Alternate: Wet Concrete',1,0,'LIMESTONE','Automated','Refinery',NULL,120.0,80.0,NULL,NULL);
INSERT INTO recipe VALUES(131,25,'Alternate: Wet Concrete',2,0,'WATER','Automated','Refinery',NULL,100.0,80.0,NULL,NULL);
INSERT INTO recipe VALUES(132,26,'Alternate: Leached Copper Ingot',1,0,'COPPER ORE','Automated','Refinery',NULL,45.0,110.0,NULL,NULL);
INSERT INTO recipe VALUES(133,26,'Alternate: Leached Copper Ingot',2,1.100000000000000089,'SULFURIC ACID','Automated','Refinery',NULL,25.0,110.0,NULL,NULL);
INSERT INTO recipe VALUES(134,26,'Alternate: Pure Copper Ingot',1,0,'COPPER ORE','Automated','Refinery',NULL,15.0,37.5,NULL,NULL);
INSERT INTO recipe VALUES(135,26,'Alternate: Pure Copper Ingot',2,0,'WATER','Automated','Refinery',NULL,10.0,37.5,NULL,NULL);
INSERT INTO recipe VALUES(136,72,'Alternate: Steamed Copper Sheet',1,1,'COPPER INGOT','Automated','Refinery',NULL,22.5,22.5,NULL,NULL);
INSERT INTO recipe VALUES(137,72,'Alternate: Steamed Copper Sheet',2,0,'WATER','Automated','Refinery',NULL,22.5,22.5,NULL,NULL);
INSERT INTO recipe VALUES(138,27,'Alternate: Oil Based Diamonds',1,0,'CRUDE OIL','Automated','Particle Accelerator',NULL,200.0,40.0,NULL,NULL);
INSERT INTO recipe VALUES(139,27,'Alternate: Petroleum Diamonds',1,1.199999999999999956,'PETROLEUM COKE','Automated','Particle Accelerator',NULL,720.0,30.0,NULL,NULL);
INSERT INTO recipe VALUES(140,27,'Alternate: Pink Diamonds',1,0,'COAL','Automated','Converter',NULL,120.0,15.0,NULL,NULL);
INSERT INTO recipe VALUES(141,27,'Alternate: Pink Diamonds',2,1,'QUARTZ CRYSTAL','Automated','Converter',NULL,45.0,15.0,NULL,NULL);
INSERT INTO recipe VALUES(142,27,'Alternate: Turbo Diamonds',1,0,'COAL','Automated','Particle Accelerator',NULL,600.0,60.0,NULL,NULL);
INSERT INTO recipe VALUES(143,27,'Alternate: Turbo Diamonds',2,1.300000000000000044,'PACKAGED TURBOFUEL','Automated','Particle Accelerator',NULL,40.0,60.0,NULL,NULL);
INSERT INTO recipe VALUES(144,37,'_Standard',1,0,'CRUDE OIL','Automated','Refinery',NULL,60.0,40.0,'POLYMER RESIN',30.0);
INSERT INTO recipe VALUES(145,37,'Alternate: Diluted Fuel',1,1.100000000000000089,'HEAVY OIL RESIDUE','Automated','Blender',NULL,50.0,100.0,NULL,NULL);
INSERT INTO recipe VALUES(146,37,'Alternate: Diluted Fuel',2,0,'WATER','Automated','Blender',NULL,100.0,100.0,NULL,NULL);
INSERT INTO recipe VALUES(147,37,'Residual Fuel',1,1.100000000000000089,'HEAVY OIL RESIDUE','Automated','Refinery',NULL,60.0,40.0,NULL,NULL);
INSERT INTO recipe VALUES(148,209,'Alternate: Heavy Oil Residue',1,0,'CRUDE OIL','Automated','Refinery',NULL,30.0,40.0,'POLYMER RESIN',20.0);
INSERT INTO recipe VALUES(149,38,'_Standard',1,8.099999999999999645,'POWER SHARD','Automated','Refinery',NULL,2.5,40.0,'COMPACTED COAL',5.0);
INSERT INTO recipe VALUES(150,38,'_Standard',2,1.199999999999999956,'ROCKET FUEL','Automated','Refinery',NULL,40.0,40.0,'COMPACTED COAL',5.0);
INSERT INTO recipe VALUES(151,38,'Alternate: Dark-Ion Fuel',1,2,'DARK MATTER CRYSTAL','Automated','Converter',NULL,80.0,200.0,'COMPACTED COAL',40.0);
INSERT INTO recipe VALUES(152,38,'Alternate: Dark-Ion Fuel',2,1.300000000000000044,'PACKAGED ROCKET FUEL','Automated','Converter',NULL,240.0,200.0,'COMPACTED COAL',40.0);
INSERT INTO recipe VALUES(153,28,'Alternate: Leached Iron Ingot',1,0,'IRON ORE','Automated','Refinery',NULL,50.0,100.0,NULL,NULL);
INSERT INTO recipe VALUES(154,28,'Alternate: Leached Iron Ingot',2,1.100000000000000089,'SULFURIC ACID','Automated','Refinery',NULL,10.0,100.0,NULL,NULL);
INSERT INTO recipe VALUES(155,28,'Alternate: Pure Iron Ingot',1,0,'IRON ORE','Automated','Refinery',NULL,35.0,65.0,NULL,NULL);
INSERT INTO recipe VALUES(156,28,'Alternate: Pure Iron Ingot',2,0,'WATER','Automated','Refinery',NULL,20.0,65.0,NULL,NULL);
INSERT INTO recipe VALUES(157,39,'_Standard',1,0,'CRUDE OIL','Automated','Refinery',NULL,30.0,20.0,'HEAVY OIL RESIDUE',10.0);
INSERT INTO recipe VALUES(158,39,'Alternate: Recycled Plastic',1,1.100000000000000089,'FUEL','Automated','Refinery',NULL,30.0,60.0,NULL,NULL);
INSERT INTO recipe VALUES(159,39,'Alternate: Recycled Plastic',2,1.100000000000000089,'RUBBER','Automated','Refinery',NULL,30.0,60.0,NULL,NULL);
INSERT INTO recipe VALUES(160,39,'Residual Plastic',1,1.100000000000000089,'POLYMER RESIN','Automated','Refinery',NULL,60.0,20.0,NULL,NULL);
INSERT INTO recipe VALUES(161,39,'Residual Plastic',2,0,'WATER','Automated','Refinery',NULL,20.0,20.0,NULL,NULL);
INSERT INTO recipe VALUES(162,210,'Alternate: Polymer Resin',1,0,'CRUDE OIL','Automated','Refinery',NULL,30.0,130.0,'HEAVY OIL RESIDUE',20.0);
INSERT INTO recipe VALUES(163,29,'Alternate: Pure Quartz Crystal',1,0,'RAW QUARTZ','Automated','Refinery',NULL,67.5,52.5,NULL,NULL);
INSERT INTO recipe VALUES(164,29,'Alternate: Pure Quartz Crystal',2,0,'WATER','Automated','Refinery',NULL,37.5,52.5,NULL,NULL);
INSERT INTO recipe VALUES(165,29,'Alternate: Quartz Purification',1,9,'NITRIC ACID','Automated','Refinery',NULL,10.0,75.0,'DISSOLVED SILICA',60.0);
INSERT INTO recipe VALUES(166,29,'Alternate: Quartz Purification',2,0,'RAW QUARTZ','Automated','Refinery',NULL,120.0,75.0,'DISSOLVED SILICA',60.0);
INSERT INTO recipe VALUES(167,40,'_Standard',1,0,'CRUDE OIL','Automated','Refinery',NULL,30.0,20.0,'HEAVY OIL RESIDUE',20.0);
INSERT INTO recipe VALUES(168,40,'Alternate: Recycled Rubber',1,1.100000000000000089,'FUEL','Automated','Refinery',NULL,30.0,60.0,NULL,NULL);
INSERT INTO recipe VALUES(169,40,'Alternate: Recycled Rubber',2,1.100000000000000089,'PLASTIC','Automated','Refinery',NULL,30.0,60.0,NULL,NULL);
INSERT INTO recipe VALUES(170,40,'Residual Rubber',1,1.100000000000000089,'POLYMER RESIN','Automated','Refinery',NULL,40.0,20.0,NULL,NULL);
INSERT INTO recipe VALUES(171,40,'Residual Rubber',2,0,'WATER','Automated','Refinery',NULL,40.0,20.0,NULL,NULL);
INSERT INTO recipe VALUES(172,31,'Alternate: Distilled Silica',1,1.100000000000000089,'DISSOLVED SILICA','Automated','Blender',NULL,120.0,270.0,'WATER',80.0);
INSERT INTO recipe VALUES(173,31,'Alternate: Distilled Silica',2,0,'LIMESTONE','Automated','Blender',NULL,50.0,270.0,'WATER',80.0);
INSERT INTO recipe VALUES(174,31,'Alternate: Distilled Silica',3,0,'WATER','Automated','Blender',NULL,100.0,270.0,'WATER',80.0);
INSERT INTO recipe VALUES(175,41,'_Standard',1,0,'SULFUR','Automated','Refinery',NULL,50.0,50.0,NULL,NULL);
INSERT INTO recipe VALUES(176,41,'_Standard',2,0,'WATER','Automated','Refinery',NULL,50.0,50.0,NULL,NULL);
INSERT INTO recipe VALUES(177,42,'_Standard',1,1,'COMPACTED COAL','Automated','Refinery',NULL,15.0,18.75,NULL,NULL);
INSERT INTO recipe VALUES(178,42,'_Standard',2,1.100000000000000089,'FUEL','Automated','Refinery',NULL,22.5,18.75,NULL,NULL);
INSERT INTO recipe VALUES(179,42,'Alternate: Turbo Heavy Fuel',1,1,'COMPACTED COAL','Automated','Refinery',NULL,30.0,30.0,NULL,NULL);
INSERT INTO recipe VALUES(180,42,'Alternate: Turbo Heavy Fuel',2,1.100000000000000089,'HEAVY OIL RESIDUE','Automated','Refinery',NULL,37.5,30.0,NULL,NULL);
INSERT INTO recipe VALUES(181,42,'Alternate: Turbofuel Blend Fuel',1,1.100000000000000089,'FUEL','Automated','Blender',NULL,15.0,45.0,NULL,NULL);
INSERT INTO recipe VALUES(182,42,'Alternate: Turbofuel Blend Fuel',2,1.100000000000000089,'HEAVY OIL RESIDUE','Automated','Blender',NULL,30.0,45.0,NULL,NULL);
INSERT INTO recipe VALUES(183,42,'Alternate: Turbofuel Blend Fuel',3,0,'SULFUR','Automated','Blender',NULL,22.5,45.0,NULL,NULL);
INSERT INTO recipe VALUES(184,42,'Alternate: Turbofuel Blend Fuel',4,1.199999999999999956,'PETROLEUM COKE','Automated','Blender',NULL,22.5,45.0,NULL,NULL);
INSERT INTO recipe VALUES(185,43,'_Standard',1,10,'BIOMASS','Automated','Assembler',NULL,75.0,15.0,NULL,NULL);
INSERT INTO recipe VALUES(186,43,'_Standard',2,0,'MYCELIA','Automated','Assembler',NULL,15.0,15.0,NULL,NULL);
INSERT INTO recipe VALUES(187,43,'Alternate: Polyester Fabric',1,1.100000000000000089,'POLYMER RESIN','Automated','Refinery',NULL,30.0,30.0,NULL,NULL);
INSERT INTO recipe VALUES(188,43,'Alternate: Polyester Fabric',2,0,'WATER','Automated','Refinery',NULL,30.0,30.0,NULL,NULL);
INSERT INTO recipe VALUES(189,44,'_Standard',1,1.100000000000000089,'HEAVY OIL RESIDUE','Automated','Refinery',NULL,40.0,120.0,NULL,NULL);
INSERT INTO recipe VALUES(190,45,'_Standard',1,9,'NITRIC ACID','Automated','Blender',NULL,10.0,100.0,'COMPACTED COAL',10.0);
INSERT INTO recipe VALUES(191,45,'_Standard',2,1.100000000000000089,'TURBOFUEL','Automated','Blender',NULL,60.0,100.0,'COMPACTED COAL',10.0);
INSERT INTO recipe VALUES(192,45,'Alternate: Nitro Rocket Fuel',1,0,'COAL','Automated','Blender',NULL,50.0,150.0,'COMPACTED COAL',25.0);
INSERT INTO recipe VALUES(193,45,'Alternate: Nitro Rocket Fuel',2,1.100000000000000089,'FUEL','Automated','Blender',NULL,100.0,150.0,'COMPACTED COAL',25.0);
INSERT INTO recipe VALUES(194,45,'Alternate: Nitro Rocket Fuel',3,0,'NITROGEN GAS','Automated','Blender',NULL,75.0,150.0,'COMPACTED COAL',25.0);
INSERT INTO recipe VALUES(195,45,'Alternate: Nitro Rocket Fuel',4,0,'SULFUR','Automated','Blender',NULL,100.0,150.0,'COMPACTED COAL',25.0);
INSERT INTO recipe VALUES(196,46,'_Standard',1,1.100000000000000089,'BLACK POWDER','Automated','Refinery',NULL,20.0,20.0,NULL,NULL);
INSERT INTO recipe VALUES(197,46,'_Standard',2,1.100000000000000089,'HEAVY OIL RESIDUE','Automated','Refinery',NULL,10.0,20.0,NULL,NULL);
INSERT INTO recipe VALUES(198,47,'_Standard',1,1.100000000000000089,'ALUMINA SOLUTION','Automated','Packager',NULL,120.0,120.0,NULL,NULL);
INSERT INTO recipe VALUES(199,47,'_Standard',2,3,'EMPTY CANISTER','Automated','Packager',NULL,120.0,120.0,NULL,NULL);
INSERT INTO recipe VALUES(200,48,'_Standard',1,3,'EMPTY CANISTER','Automated','Packager',NULL,40.0,40.0,NULL,NULL);
INSERT INTO recipe VALUES(201,48,'_Standard',2,1.100000000000000089,'FUEL','Automated','Packager',NULL,40.0,40.0,NULL,NULL);
INSERT INTO recipe VALUES(202,48,'Alternate: Diluted Packaged Fuel',1,1.100000000000000089,'HEAVY OIL RESIDUE','Automated','Refinery',NULL,30.0,60.0,NULL,NULL);
INSERT INTO recipe VALUES(203,48,'Alternate: Diluted Packaged Fuel',2,1.300000000000000044,'PACKAGED WATER','Automated','Refinery',NULL,60.0,60.0,NULL,NULL);
INSERT INTO recipe VALUES(204,49,'_Standard',1,3,'EMPTY CANISTER','Automated','Packager',NULL,30.0,30.0,NULL,NULL);
INSERT INTO recipe VALUES(205,49,'_Standard',2,1.100000000000000089,'HEAVY OIL RESIDUE','Automated','Packager',NULL,30.0,30.0,NULL,NULL);
INSERT INTO recipe VALUES(206,50,'_Standard',1,3,'EMPTY FLUID TANK','Automated','Packager',NULL,40.0,40.0,NULL,NULL);
INSERT INTO recipe VALUES(207,50,'_Standard',2,1.100000000000000089,'IONIZED FUEL','Automated','Packager',NULL,80.0,40.0,NULL,NULL);
INSERT INTO recipe VALUES(208,51,'_Standard',1,3,'EMPTY FLUID TANK','Automated','Packager',NULL,30.0,30.0,NULL,NULL);
INSERT INTO recipe VALUES(209,51,'_Standard',2,9,'NITRIC ACID','Automated','Packager',NULL,30.0,30.0,NULL,NULL);
INSERT INTO recipe VALUES(210,52,'_Standard',1,3,'EMPTY FLUID TANK','Automated','Packager',NULL,60.0,60.0,NULL,NULL);
INSERT INTO recipe VALUES(211,52,'_Standard',2,0,'NITROGEN GAS','Automated','Packager',NULL,240.0,60.0,NULL,NULL);
INSERT INTO recipe VALUES(212,53,'_Standard',1,0,'CRUDE OIL','Automated','Packager',NULL,30.0,30.0,NULL,NULL);
INSERT INTO recipe VALUES(213,53,'_Standard',2,3,'EMPTY CANISTER','Automated','Packager',NULL,30.0,30.0,NULL,NULL);
INSERT INTO recipe VALUES(214,54,'_Standard',1,3,'EMPTY FLUID TANK','Automated','Packager',NULL,60.0,60.0,NULL,NULL);
INSERT INTO recipe VALUES(215,54,'_Standard',2,1.199999999999999956,'ROCKET FUEL','Automated','Packager',NULL,120.0,60.0,NULL,NULL);
INSERT INTO recipe VALUES(216,55,'_Standard',1,3,'EMPTY CANISTER','Automated','Packager',NULL,40.0,40.0,NULL,NULL);
INSERT INTO recipe VALUES(217,55,'_Standard',2,1.100000000000000089,'SULFURIC ACID','Automated','Packager',NULL,40.0,40.0,NULL,NULL);
INSERT INTO recipe VALUES(218,56,'_Standard',1,3,'EMPTY CANISTER','Automated','Packager',NULL,20.0,20.0,NULL,NULL);
INSERT INTO recipe VALUES(219,56,'_Standard',2,1.100000000000000089,'TURBOFUEL','Automated','Packager',NULL,20.0,20.0,NULL,NULL);
INSERT INTO recipe VALUES(220,57,'_Standard',1,3,'EMPTY CANISTER','Automated','Packager',NULL,60.0,60.0,NULL,NULL);
INSERT INTO recipe VALUES(221,57,'_Standard',2,0,'WATER','Automated','Packager',NULL,60.0,60.0,NULL,NULL);
INSERT INTO recipe VALUES(222,58,'_Standard',1,1.300000000000000044,'PACKAGED ALUMINA SOLUTION','Automated','Packager',NULL,120.0,120.0,'EMPTY CANISTER',120.0);
INSERT INTO recipe VALUES(223,59,'_Standard',1,1.300000000000000044,'PACKAGED FUEL','Automated','Packager',NULL,60.0,60.0,'EMPTY CANISTER',60.0);
INSERT INTO recipe VALUES(224,60,'_Standard',1,1.300000000000000044,'PACKAGED HEAVY OIL RESIDUE','Automated','Packager',NULL,20.0,20.0,'EMPTY CANISTER',20.0);
INSERT INTO recipe VALUES(225,61,'_Standard',1,1.300000000000000044,'PACKAGED IONIZED FUEL','Automated','Packager',NULL,40.0,80.0,'EMPTY FLUID TANK',40.0);
INSERT INTO recipe VALUES(226,62,'_Standard',1,10,'PACKAGED LIQUID BIOFUEL','Automated','Packager',NULL,60.0,60.0,'EMPTY CANISTER',60.0);
INSERT INTO recipe VALUES(227,63,'_Standard',1,1.300000000000000044,'PACKAGED NITRIC ACID','Automated','Packager',NULL,20.0,20.0,'EMPTY FLUID TANK',20.0);
INSERT INTO recipe VALUES(228,64,'_Standard',1,1.300000000000000044,'PACKAGED NITROGEN GAS','Automated','Packager',NULL,60.0,240.0,'EMPTY FLUID TANK',60.0);
INSERT INTO recipe VALUES(229,65,'_Standard',1,1.300000000000000044,'PACKAGED OIL','Automated','Packager',NULL,60.0,60.0,'EMPTY CANISTER',60.0);
INSERT INTO recipe VALUES(230,66,'_Standard',1,1.300000000000000044,'PACKAGED ROCKET FUEL','Automated','Packager',NULL,60.0,120.0,'EMPTY FLUID TANK',60.0);
INSERT INTO recipe VALUES(231,67,'_Standard',1,1.300000000000000044,'PACKAGED SULFURIC ACID','Automated','Packager',NULL,60.0,60.0,'EMPTY CANISTER',60.0);
INSERT INTO recipe VALUES(232,68,'_Standard',1,1.300000000000000044,'PACKAGED TURBOFUEL','Automated','Packager',NULL,20.0,20.0,'EMPTY CANISTER',20.0);
INSERT INTO recipe VALUES(233,69,'_Standard',1,1.300000000000000044,'PACKAGED WATER','Automated','Packager',NULL,120.0,120.0,'EMPTY CANISTER',120.0);
INSERT INTO recipe VALUES(234,70,'_Standard',1,1.100000000000000089,'ALUMINIUM SCRAP','Automated','Foundry','Craft Bench',90.0,60.0,NULL,NULL);
INSERT INTO recipe VALUES(235,70,'_Standard',2,1,'SILICA','Automated','Foundry','Craft Bench',75.0,60.0,NULL,NULL);
INSERT INTO recipe VALUES(236,70,'Alternate: Pure Aluminium Ingot',1,1.100000000000000089,'ALUMINIUM SCRAP','Automated','Constructor',NULL,60.0,30.0,NULL,NULL);
INSERT INTO recipe VALUES(237,71,'_Standard',1,1,'COPPER INGOT','Automated','Constructor','Craft Bench',300.0,50.0,NULL,NULL);
INSERT INTO recipe VALUES(238,72,'_Standard',1,1,'COPPER INGOT','Automated','Constructor','Craft Bench',20.0,10.0,NULL,NULL);
INSERT INTO recipe VALUES(239,73,'_Standard',1,2,'DARK MATTER RESIDUE','Automated','Particle Accelerator',NULL,150.0,30.0,NULL,NULL);
INSERT INTO recipe VALUES(240,73,'_Standard',2,1,'DIAMONDS','Automated','Particle Accelerator',NULL,30.0,30.0,NULL,NULL);
INSERT INTO recipe VALUES(241,73,'Alternate: Dark Matter Crystallization',1,2,'DARK MATTER RESIDUE','Automated','Particle Accelerator',NULL,200.0,20.0,NULL,NULL);
INSERT INTO recipe VALUES(242,73,'Alternate: Dark Matter Trap',1,2,'DARK MATTER RESIDUE','Automated','Particle Accelerator',NULL,150.0,60.0,NULL,NULL);
INSERT INTO recipe VALUES(243,73,'Alternate: Dark Matter Trap',2,2,'TIME CRYSTAL','Automated','Particle Accelerator',NULL,30.0,60.0,NULL,NULL);
INSERT INTO recipe VALUES(244,74,'_Standard',1,1,'REANIMATED SAM','Automated','Converter',NULL,50.0,100.0,NULL,NULL);
INSERT INTO recipe VALUES(245,75,'Ficsite Ingot (Aluminium)',1,2,'ALUMINIUM INGOT','Automated','Converter',NULL,120.0,30.0,NULL,NULL);
INSERT INTO recipe VALUES(246,75,'Ficsite Ingot (Aluminium)',2,1,'REANIMATED SAM','Automated','Converter',NULL,60.0,30.0,NULL,NULL);
INSERT INTO recipe VALUES(247,75,'Ficsite Ingot (Caterium)',1,1,'CATERIUM INGOT','Automated','Converter',NULL,60.0,15.0,NULL,NULL);
INSERT INTO recipe VALUES(248,75,'Ficsite Ingot (Caterium)',2,1,'REANIMATED SAM','Automated','Converter',NULL,45.0,15.0,NULL,NULL);
INSERT INTO recipe VALUES(249,75,'_Standard',1,1,'IRON INGOT','Automated','Converter',NULL,240.0,10.0,NULL,NULL);
INSERT INTO recipe VALUES(250,75,'_Standard',2,1,'REANIMATED SAM','Automated','Converter',NULL,40.0,10.0,NULL,NULL);
INSERT INTO recipe VALUES(251,76,'_Standard',1,1,'IRON INGOT','Automated','Constructor','Craft Bench',30.0,20.0,NULL,NULL);
INSERT INTO recipe VALUES(252,76,'Alternate: Coated Iron Plate',1,1,'IRON INGOT','Automated','Assembler',NULL,37.5,75.0,NULL,NULL);
INSERT INTO recipe VALUES(253,76,'Alternate: Coated Iron Plate',2,1.100000000000000089,'PLASTIC','Automated','Assembler',NULL,7.5,75.0,NULL,NULL);
INSERT INTO recipe VALUES(254,76,'Alternate: Steel Cast Plate',1,1,'IRON INGOT','Automated','Foundry',NULL,15.0,45.0,NULL,NULL);
INSERT INTO recipe VALUES(255,76,'Alternate: Steel Cast Plate',2,1,'STEEL INGOT','Automated','Foundry',NULL,15.0,45.0,NULL,NULL);
INSERT INTO recipe VALUES(256,77,'_Standard',1,1,'IRON INGOT','Automated','Constructor','Craft Bench',15.0,15.0,NULL,NULL);
INSERT INTO recipe VALUES(257,77,'Alternate: Aluminium Rod',1,2,'ALUMINIUM INGOT','Automated','Constructor','Craft Bench',7.5,52.5,NULL,NULL);
INSERT INTO recipe VALUES(258,77,'Alternate: Steel Rod',1,1,'STEEL INGOT','Automated','Constructor','Craft Bench',12.0,48.0,NULL,NULL);
INSERT INTO recipe VALUES(259,78,'_Standard',1,1,'CATERIUM INGOT','Automated','Constructor','Craft Bench',12.0,60.0,NULL,NULL);
INSERT INTO recipe VALUES(260,78,'Alternate: Fused Quickwire',1,1,'CATERIUM INGOT','Automated','Assembler',NULL,7.5,90.0,NULL,NULL);
INSERT INTO recipe VALUES(261,78,'Alternate: Fused Quickwire',2,1,'COPPER INGOT','Automated','Assembler',NULL,37.5,90.0,NULL,NULL);
INSERT INTO recipe VALUES(262,79,'_Standard',1,1,'STEEL INGOT','Automated','Constructor','Craft Bench',60.0,15.0,NULL,NULL);
INSERT INTO recipe VALUES(263,79,'Alternate: Aluminium Beam',1,2,'ALUMINIUM INGOT','Automated','Constructor','Craft Bench',22.5,22.5,NULL,NULL);
INSERT INTO recipe VALUES(264,79,'Alternate: Molded Beam',1,1,'CONCRETE','Automated','Foundry',NULL,80.0,45.0,NULL,NULL);
INSERT INTO recipe VALUES(265,79,'Alternate: Molded Beam',2,1,'STEEL INGOT','Automated','Foundry',NULL,120.0,45.0,NULL,NULL);
INSERT INTO recipe VALUES(266,80,'_Standard',1,1,'STEEL INGOT','Automated','Constructor','Craft Bench',30.0,20.0,NULL,NULL);
INSERT INTO recipe VALUES(267,80,'Alternate: Iron Pipe',1,1,'IRON INGOT','Automated','Constructor',NULL,100.0,25.0,NULL,NULL);
INSERT INTO recipe VALUES(268,80,'Alternate: Molded Steel Pipe',1,1,'CONCRETE','Automated','Foundry',NULL,30.0,50.0,NULL,NULL);
INSERT INTO recipe VALUES(269,80,'Alternate: Molded Steel Pipe',2,1,'STEEL INGOT','Automated','Foundry',NULL,50.0,50.0,NULL,NULL);
INSERT INTO recipe VALUES(270,81,'_Standard',1,1,'DIAMONDS','Automated','Converter',NULL,12.0,6.0,NULL,NULL);
INSERT INTO recipe VALUES(271,82,'_Standard',1,1,'COPPER INGOT','Automated','Constructor','Craft Bench',15.0,30.0,NULL,NULL);
INSERT INTO recipe VALUES(272,82,'Alternate: Caterium Wire',1,1,'CATERIUM INGOT','Automated','Constructor','Craft Bench',15.0,120.0,NULL,NULL);
INSERT INTO recipe VALUES(273,82,'Alternate: Fused Wire',1,1,'CATERIUM INGOT','Automated','Assembler',NULL,3.0,90.0,NULL,NULL);
INSERT INTO recipe VALUES(274,82,'Alternate: Fused Wire',2,1,'COPPER INGOT','Automated','Assembler',NULL,12.0,90.0,NULL,NULL);
INSERT INTO recipe VALUES(275,82,'Alternate: Iron Wire',1,1,'IRON INGOT','Automated','Constructor','Craft Bench',12.5,22.5,NULL,NULL);
INSERT INTO recipe VALUES(276,83,'_Standard',1,1.100000000000000089,'COPPER SHEET','Automated','Assembler','Craft Bench',25.0,5.0,NULL,NULL);
INSERT INTO recipe VALUES(277,83,'_Standard',2,2,'QUICKWIRE','Automated','Assembler','Craft Bench',100.0,5.0,NULL,NULL);
INSERT INTO recipe VALUES(278,83,'Alternate: Plastic AI Limiter',1,1.100000000000000089,'PLASTIC','Automated','Assembler',NULL,28.0,8.0,NULL,NULL);
INSERT INTO recipe VALUES(279,83,'Alternate: Plastic AI Limiter',2,2,'QUICKWIRE','Automated','Assembler',NULL,120.0,8.0,NULL,NULL);
INSERT INTO recipe VALUES(280,84,'_Standard',1,2,'ALUMINIUM INGOT','Automated','Assembler','Craft Bench',30.0,30.0,NULL,NULL);
INSERT INTO recipe VALUES(281,84,'_Standard',2,1,'COPPER INGOT','Automated','Assembler','Craft Bench',10.0,30.0,NULL,NULL);
INSERT INTO recipe VALUES(282,84,'Alternate: Alclad Casing',1,2,'ALUMINIUM INGOT','Automated','Assembler',NULL,150.0,112.5,NULL,NULL);
INSERT INTO recipe VALUES(283,84,'Alternate: Alclad Casing',2,1,'COPPER INGOT','Automated','Assembler',NULL,75.0,112.5,NULL,NULL);
INSERT INTO recipe VALUES(284,85,'_Standard',1,2,'ALUMINIUM INGOT','Automated','Constructor','Craft Bench',90.0,60.0,NULL,NULL);
INSERT INTO recipe VALUES(285,86,'_Standard',1,2,'WIRE','Automated','Constructor','Craft Bench',60.0,30.0,NULL,NULL);
INSERT INTO recipe VALUES(286,86,'Alternate: Insulated Cable',1,1.100000000000000089,'RUBBER','Automated','Assembler',NULL,30.0,100.0,NULL,NULL);
INSERT INTO recipe VALUES(287,86,'Alternate: Insulated Cable',2,2,'WIRE','Automated','Assembler',NULL,45.0,100.0,NULL,NULL);
INSERT INTO recipe VALUES(288,86,'Alternate: Quickwire Cable',1,2,'QUICKWIRE','Automated','Assembler',NULL,7.5,27.5,NULL,NULL);
INSERT INTO recipe VALUES(289,86,'Alternate: Quickwire Cable',2,1.100000000000000089,'RUBBER','Automated','Assembler',NULL,5.0,27.5,NULL,NULL);
INSERT INTO recipe VALUES(290,87,'_Standard',1,1.100000000000000089,'COPPER SHEET','Automated','Assembler','Craft Bench',15.0,7.5,NULL,NULL);
INSERT INTO recipe VALUES(291,87,'_Standard',2,1.100000000000000089,'PLASTIC','Automated','Assembler','Craft Bench',30.0,7.5,NULL,NULL);
INSERT INTO recipe VALUES(292,87,'Alternate: Caterium Circuit Board',1,1.100000000000000089,'PLASTIC','Automated','Assembler',NULL,12.5,8.75,NULL,NULL);
INSERT INTO recipe VALUES(293,87,'Alternate: Caterium Circuit Board',2,2,'QUICKWIRE','Automated','Assembler',NULL,37.5,8.75,NULL,NULL);
INSERT INTO recipe VALUES(294,87,'Alternate: Electrode Circuit Board',1,1.199999999999999956,'PETROLEUM COKE','Automated','Assembler',NULL,40.0,5.0,NULL,NULL);
INSERT INTO recipe VALUES(295,87,'Alternate: Electrode Circuit Board',2,1.100000000000000089,'RUBBER','Automated','Assembler',NULL,20.0,5.0,NULL,NULL);
INSERT INTO recipe VALUES(296,87,'Alternate: Silicon Circuit Board',1,1.100000000000000089,'COPPER SHEET','Automated','Assembler',NULL,27.5,12.5,NULL,NULL);
INSERT INTO recipe VALUES(297,87,'Alternate: Silicon Circuit Board',2,1,'SILICA','Automated','Assembler',NULL,27.5,12.5,NULL,NULL);
INSERT INTO recipe VALUES(298,88,'_Standard',1,1.100000000000000089,'PLASTIC','Automated','Constructor','Craft Bench',30.0,60.0,NULL,NULL);
INSERT INTO recipe VALUES(299,88,'Alternate: Coated Iron Canister',1,1.100000000000000089,'COPPER SHEET','Automated','Assembler',NULL,15.0,60.0,NULL,NULL);
INSERT INTO recipe VALUES(300,88,'Alternate: Coated Iron Canister',2,2,'IRON PLATE','Automated','Assembler',NULL,30.0,60.0,NULL,NULL);
INSERT INTO recipe VALUES(301,88,'Alternate: Steel Canister',1,1,'STEEL INGOT','Automated','Constructor',NULL,40.0,40.0,NULL,NULL);
INSERT INTO recipe VALUES(302,89,'_Standard',1,2,'ALUMINIUM INGOT','Automated','Constructor','Craft Bench',60.0,60.0,NULL,NULL);
INSERT INTO recipe VALUES(303,90,'_Standard',1,1,'CONCRETE','Automated','Assembler','Craft Bench',36.0,6.0,NULL,NULL);
INSERT INTO recipe VALUES(304,90,'_Standard',2,2,'STEEL BEAM','Automated','Assembler','Craft Bench',18.0,6.0,NULL,NULL);
INSERT INTO recipe VALUES(305,90,'Alternate: Encased Industial Pipe',1,1,'CONCRETE','Automated','Assembler',NULL,20.0,4.0,NULL,NULL);
INSERT INTO recipe VALUES(306,90,'Alternate: Encased Industial Pipe',2,2,'STEEL PIPE','Automated','Assembler',NULL,24.0,4.0,NULL,NULL);
INSERT INTO recipe VALUES(307,91,'_Standard',1,2,'FICSITE INGOT','Automated','Constructor','Craft Bench',10.0,30.0,NULL,NULL);
INSERT INTO recipe VALUES(308,92,'_Standard',1,1,'REANIMATED SAM','Automated','Manufacturer',NULL,60.0,10.0,NULL,NULL);
INSERT INTO recipe VALUES(309,92,'_Standard',2,2,'STEEL PIPE','Automated','Manufacturer',NULL,30.0,10.0,NULL,NULL);
INSERT INTO recipe VALUES(310,92,'_Standard',3,2,'WIRE','Automated','Manufacturer',NULL,50.0,10.0,NULL,NULL);
INSERT INTO recipe VALUES(311,93,'_Standard',1,2,'IRON ROD','Automated','Constructor','Craft Bench',10.0,40.0,NULL,NULL);
INSERT INTO recipe VALUES(312,93,'Alternate: Cast Screw',1,1,'IRON INGOT','Automated','Constructor','Craft Bench',12.5,50.0,NULL,NULL);
INSERT INTO recipe VALUES(313,93,'Alternate: Steel Screw',1,2,'STEEL BEAM','Automated','Constructor','Craft Bench',5.0,260.0,NULL,NULL);
INSERT INTO recipe VALUES(314,94,'_Standard',1,2,'STEEL PIPE','Automated','Assembler','Craft Bench',15.0,5.0,NULL,NULL);
INSERT INTO recipe VALUES(315,94,'_Standard',2,2,'WIRE','Automated','Assembler','Craft Bench',40.0,5.0,NULL,NULL);
INSERT INTO recipe VALUES(316,94,'Alternate: Quickwire Stator',1,2,'QUICKWIRE','Automated','Assembler',NULL,60.0,8.0,NULL,NULL);
INSERT INTO recipe VALUES(317,94,'Alternate: Quickwire Stator',2,2,'STEEL PIPE','Automated','Assembler',NULL,16.0,8.0,NULL,NULL);
INSERT INTO recipe VALUES(318,95,'_Standard',1,1.100000000000000089,'CABLE','Automated','Assembler',NULL,50.0,2.5,NULL,NULL);
INSERT INTO recipe VALUES(319,95,'_Standard',2,3,'STATOR','Automated','Assembler',NULL,2.5,2.5,NULL,NULL);
INSERT INTO recipe VALUES(320,95,'Alternate: Automated Speed Wiring',1,4.099999999999999644,'HIGH-SPEED CONNECTOR','Automated','Manufacturer',NULL,1.875,7.5,NULL,NULL);
INSERT INTO recipe VALUES(321,95,'Alternate: Automated Speed Wiring',2,3,'STATOR','Automated','Manufacturer',NULL,3.75,7.5,NULL,NULL);
INSERT INTO recipe VALUES(322,95,'Alternate: Automated Speed Wiring',3,2,'WIRE','Automated','Manufacturer',NULL,75.0,7.5,NULL,NULL);
INSERT INTO recipe VALUES(323,96,'_Standard',1,3,'AI LIMITER','Automated','Assembler','Craft Bench',4.0,4.0,NULL,NULL);
INSERT INTO recipe VALUES(324,96,'_Standard',2,3,'STATOR','Automated','Assembler','Craft Bench',6.0,4.0,NULL,NULL);
INSERT INTO recipe VALUES(325,96,'Alternate: Electromagnetic Connection Rod',1,4.099999999999999644,'HIGH-SPEED CONNECTOR','Automated','Assembler',NULL,4.0,8.0,NULL,NULL);
INSERT INTO recipe VALUES(326,96,'Alternate: Electromagnetic Connection Rod',2,3,'STATOR','Automated','Assembler',NULL,8.0,8.0,NULL,NULL);
INSERT INTO recipe VALUES(327,97,'_Standard',1,3,'ALCLAD ALUMINIUM SHEET','Automated','Assembler','Craft Bench',37.5,7.5,NULL,NULL);
INSERT INTO recipe VALUES(328,97,'_Standard',2,1.100000000000000089,'COPPER SHEET','Automated','Assembler','Craft Bench',22.5,7.5,NULL,NULL);
INSERT INTO recipe VALUES(329,97,'Alternate: Heat Exchanger',1,3,'ALUMINIUM CASING','Automated','Assembler',NULL,30.0,10.0,NULL,NULL);
INSERT INTO recipe VALUES(330,97,'Alternate: Heat Exchanger',2,1.100000000000000089,'RUBBER','Automated','Assembler',NULL,30.0,10.0,NULL,NULL);
INSERT INTO recipe VALUES(331,98,'_Standard',1,2,'IRON PLATE','Automated','Assembler','Craft Bench',30.0,5.0,NULL,NULL);
INSERT INTO recipe VALUES(332,98,'_Standard',2,3,'SCREW','Automated','Assembler','Craft Bench',60.0,5.0,NULL,NULL);
INSERT INTO recipe VALUES(333,98,'Alternate: Adhered Iron Plate',1,2,'IRON PLATE','Automated','Assembler',NULL,11.25,3.75,NULL,NULL);
INSERT INTO recipe VALUES(334,98,'Alternate: Adhered Iron Plate',2,1.100000000000000089,'RUBBER','Automated','Assembler',NULL,3.75,3.75,NULL,NULL);
INSERT INTO recipe VALUES(335,98,'Alternate: Bolted Iron Plate',1,2,'IRON PLATE','Automated','Assembler',NULL,90.0,15.0,NULL,NULL);
INSERT INTO recipe VALUES(336,98,'Alternate: Bolted Iron Plate',2,3,'SCREW','Automated','Assembler',NULL,250.0,15.0,NULL,NULL);
INSERT INTO recipe VALUES(337,98,'Alternate: Stitched Iron Plate',1,2,'IRON PLATE','Automated','Assembler',NULL,18.75,5.625,NULL,NULL);
INSERT INTO recipe VALUES(338,98,'Alternate: Stitched Iron Plate',2,2,'WIRE','Automated','Assembler',NULL,37.5,5.625,NULL,NULL);
INSERT INTO recipe VALUES(339,99,'_Standard',1,2,'IRON ROD','Automated','Assembler','Craft Bench',20.0,4.0,NULL,NULL);
INSERT INTO recipe VALUES(340,99,'_Standard',2,3,'SCREW','Automated','Assembler','Craft Bench',100.0,4.0,NULL,NULL);
INSERT INTO recipe VALUES(341,99,'Alternate: Copper Rotor',1,1.100000000000000089,'COPPER SHEET','Automated','Assembler',NULL,22.5,11.25,NULL,NULL);
INSERT INTO recipe VALUES(342,99,'Alternate: Copper Rotor',2,3,'SCREW','Automated','Assembler',NULL,195.0,11.25,NULL,NULL);
INSERT INTO recipe VALUES(343,99,'Alternate: Steel Rotor',1,2,'STEEL PIPE','Automated','Assembler',NULL,10.0,5.0,NULL,NULL);
INSERT INTO recipe VALUES(344,99,'Alternate: Steel Rotor',2,2,'WIRE','Automated','Assembler',NULL,30.0,5.0,NULL,NULL);
INSERT INTO recipe VALUES(345,100,'_Standard',1,1.100000000000000089,'CABLE','Automated','Manufacturer','Craft Bench',20.0,2.5,NULL,NULL);
INSERT INTO recipe VALUES(346,100,'_Standard',2,3,'CIRCUIT BOARD','Automated','Manufacturer','Craft Bench',10.0,2.5,NULL,NULL);
INSERT INTO recipe VALUES(347,100,'_Standard',3,1.100000000000000089,'PLASTIC','Automated','Manufacturer','Craft Bench',40.0,2.5,NULL,NULL);
INSERT INTO recipe VALUES(348,100,'Alternate: Caterium Computer',1,3,'CIRCUIT BOARD','Automated','Manufacturer',NULL,15.0,3.75,NULL,NULL);
INSERT INTO recipe VALUES(349,100,'Alternate: Caterium Computer',2,2,'QUICKWIRE','Automated','Manufacturer',NULL,52.5,3.75,NULL,NULL);
INSERT INTO recipe VALUES(350,100,'Alternate: Caterium Computer',3,1.100000000000000089,'RUBBER','Automated','Manufacturer',NULL,22.5,3.75,NULL,NULL);
INSERT INTO recipe VALUES(351,100,'Alternate: Crystal Computer',1,3,'CIRCUIT BOARD','Automated','Assembler',NULL,5.0,3.333000000000000184,NULL,NULL);
INSERT INTO recipe VALUES(352,100,'Alternate: Crystal Computer',2,5,'CRYSTAL OSCILLATOR','Automated','Assembler',NULL,1.667000000000000037,3.333000000000000184,NULL,NULL);
INSERT INTO recipe VALUES(353,101,'_Standard',1,1.100000000000000089,'CABLE','Automated','Manufacturer','Craft Bench',37.5,3.75,NULL,NULL);
INSERT INTO recipe VALUES(354,101,'_Standard',2,3,'CIRCUIT BOARD','Automated','Manufacturer','Craft Bench',3.75,3.75,NULL,NULL);
INSERT INTO recipe VALUES(355,101,'_Standard',3,2,'QUICKWIRE','Automated','Manufacturer','Craft Bench',210.0,3.75,NULL,NULL);
INSERT INTO recipe VALUES(356,101,'Alternate: Silicon High-Speed Connector',1,3,'CIRCUIT BOARD','Automated','Manufacturer',NULL,3.0,3.0,NULL,NULL);
INSERT INTO recipe VALUES(357,101,'Alternate: Silicon High-Speed Connector',2,2,'QUICKWIRE','Automated','Manufacturer',NULL,90.0,3.0,NULL,NULL);
INSERT INTO recipe VALUES(358,101,'Alternate: Silicon High-Speed Connector',3,1,'SILICA','Automated','Manufacturer',NULL,37.5,3.0,NULL,NULL);
INSERT INTO recipe VALUES(359,102,'_Standard',1,1.100000000000000089,'CABLE','Automated','Manufacturer','Craft Bench',14.0,1.0,NULL,NULL);
INSERT INTO recipe VALUES(360,102,'_Standard',2,1,'QUARTZ CRYSTAL','Automated','Manufacturer','Craft Bench',18.0,1.0,NULL,NULL);
INSERT INTO recipe VALUES(361,102,'_Standard',3,4,'REINFORCED IRON PLATE','Automated','Manufacturer','Craft Bench',2.5,1.0,NULL,NULL);
INSERT INTO recipe VALUES(362,102,'Alternate: Insulated Crystal Oscillator',1,3,'AI LIMITER','Automated','Manufacturer',NULL,1.875,1.875,NULL,NULL);
INSERT INTO recipe VALUES(363,102,'Alternate: Insulated Crystal Oscillator',2,1,'QUARTZ CRYSTAL','Automated','Manufacturer',NULL,18.75,1.875,NULL,NULL);
INSERT INTO recipe VALUES(364,102,'Alternate: Insulated Crystal Oscillator',3,1.100000000000000089,'RUBBER','Automated','Manufacturer',NULL,13.125,1.875,NULL,NULL);
INSERT INTO recipe VALUES(365,103,'_Standard',1,2,'IRON ROD','Automated','Assembler','Craft Bench',12.0,2.0,NULL,NULL);
INSERT INTO recipe VALUES(366,103,'_Standard',2,4,'REINFORCED IRON PLATE','Automated','Assembler','Craft Bench',3.0,2.0,NULL,NULL);
INSERT INTO recipe VALUES(367,103,'Alternate: Bolted Frame',1,4,'REINFORCED IRON PLATE','Automated','Assembler',NULL,7.5,5.0,NULL,NULL);
INSERT INTO recipe VALUES(368,103,'Alternate: Bolted Frame',2,3,'SCREW','Automated','Assembler',NULL,140.0,5.0,NULL,NULL);
INSERT INTO recipe VALUES(369,103,'Alternate: Steeled Frame',1,4,'REINFORCED IRON PLATE','Automated','Assembler',NULL,2.0,3.0,NULL,NULL);
INSERT INTO recipe VALUES(370,103,'Alternate: Steeled Frame',2,2,'STEEL PIPE','Automated','Assembler',NULL,10.0,3.0,NULL,NULL);
INSERT INTO recipe VALUES(371,104,'_Standard',1,4,'ROTOR','Automated','Assembler','Craft Bench',10.0,5.0,NULL,NULL);
INSERT INTO recipe VALUES(372,104,'_Standard',2,3,'STATOR','Automated','Assembler','Craft Bench',10.0,5.0,NULL,NULL);
INSERT INTO recipe VALUES(373,104,'Alternate: Electric Motor',1,4,'ELECTROMAGNETIC CONTROL ROD','Automated','Assembler',NULL,3.75,7.5,NULL,NULL);
INSERT INTO recipe VALUES(374,104,'Alternate: Electric Motor',2,4,'ROTOR','Automated','Assembler',NULL,7.5,7.5,NULL,NULL);
INSERT INTO recipe VALUES(375,104,'Alternate: Rigor Motor',1,5,'CRYSTAL OSCILLATOR','Automated','Manufacturer',NULL,1.25,7.5,NULL,NULL);
INSERT INTO recipe VALUES(376,104,'Alternate: Rigor Motor',2,4,'ROTOR','Automated','Manufacturer',NULL,3.75,7.5,NULL,NULL);
INSERT INTO recipe VALUES(377,104,'Alternate: Rigor Motor',3,3,'STATOR','Automated','Manufacturer',NULL,3.75,7.5,NULL,NULL);
INSERT INTO recipe VALUES(378,105,'_Standard',1,4,'REINFORCED IRON PLATE','Automated','Assembler',NULL,2.0,2.0,NULL,NULL);
INSERT INTO recipe VALUES(379,105,'_Standard',2,4,'ROTOR','Automated','Assembler',NULL,2.0,2.0,NULL,NULL);
INSERT INTO recipe VALUES(380,105,'Alternate: Plastic Smart Plating',1,1.100000000000000089,'PLASTIC','5','Manufacturer',NULL,7.5,5.0,NULL,NULL);
INSERT INTO recipe VALUES(381,105,'Alternate: Plastic Smart Plating',2,4,'REINFORCED IRON PLATE','5','Manufacturer',NULL,2.5,5.0,NULL,NULL);
INSERT INTO recipe VALUES(382,105,'Alternate: Plastic Smart Plating',3,4,'ROTOR','5','Manufacturer',NULL,2.5,5.0,NULL,NULL);
INSERT INTO recipe VALUES(383,106,'_Standard',1,3,'AI LIMITER','Automated','Manufacturer','Craft Bench',3.75,1.875,NULL,NULL);
INSERT INTO recipe VALUES(384,106,'_Standard',2,4.099999999999999644,'COMPUTER','Automated','Manufacturer','Craft Bench',7.5,1.875,NULL,NULL);
INSERT INTO recipe VALUES(385,106,'_Standard',3,4.099999999999999644,'HIGH-SPEED CONNECTOR','Automated','Manufacturer','Craft Bench',5.625,1.875,NULL,NULL);
INSERT INTO recipe VALUES(386,106,'_Standard',4,1.100000000000000089,'PLASTIC','Automated','Manufacturer','Craft Bench',52.5,1.875,NULL,NULL);
INSERT INTO recipe VALUES(387,106,'Alternate: OC Supercomputer',1,6,'COOLING SYSTEM','Automated','Assembler',NULL,6.0,3.0,NULL,NULL);
INSERT INTO recipe VALUES(388,106,'Alternate: OC Supercomputer',2,6,'RADIO CONTROL UNIT','Automated','Assembler',NULL,6.0,3.0,NULL,NULL);
INSERT INTO recipe VALUES(389,106,'Alternate: Super-State Computer',1,1.100000000000000089,'BATTERY','Automated','Manufacturer',NULL,24.0,2.399999999999999912,NULL,NULL);
INSERT INTO recipe VALUES(390,106,'Alternate: Super-State Computer',2,4.099999999999999644,'COMPUTER','Automated','Manufacturer',NULL,7.200000000000000177,2.399999999999999912,NULL,NULL);
INSERT INTO recipe VALUES(391,106,'Alternate: Super-State Computer',3,4,'ELECTROMAGNETIC CONTROL ROD','Automated','Manufacturer',NULL,2.399999999999999912,2.399999999999999912,NULL,NULL);
INSERT INTO recipe VALUES(392,106,'Alternate: Super-State Computer',4,2,'WIRE','Automated','Manufacturer',NULL,60.0,2.399999999999999912,NULL,NULL);
INSERT INTO recipe VALUES(393,107,'_Standard',1,4,'HEAT SINK','Automated','Blender',NULL,12.0,6.0,NULL,NULL);
INSERT INTO recipe VALUES(394,107,'_Standard',2,0,'NITROGEN GAS','Automated','Blender',NULL,150.0,6.0,NULL,NULL);
INSERT INTO recipe VALUES(395,107,'_Standard',3,1.100000000000000089,'RUBBER','Automated','Blender',NULL,12.0,6.0,NULL,NULL);
INSERT INTO recipe VALUES(396,107,'_Standard',4,0,'WATER','Automated','Blender',NULL,30.0,6.0,NULL,NULL);
INSERT INTO recipe VALUES(397,107,'Alternate: Cooling Device',1,4,'HEAT SINK','Automated','Blender',NULL,10.0,5.0,NULL,NULL);
INSERT INTO recipe VALUES(398,107,'Alternate: Cooling Device',2,5,'MOTOR','Automated','Blender',NULL,2.5,5.0,NULL,NULL);
INSERT INTO recipe VALUES(399,107,'Alternate: Cooling Device',3,0,'NITROGEN GAS','Automated','Blender',NULL,60.0,5.0,NULL,NULL);
INSERT INTO recipe VALUES(400,108,'_Standard',1,3,'ENCASED INDUSTRIAL BEAM','Automated','Manufacturer','Craft Bench',10.0,2.0,NULL,NULL);
INSERT INTO recipe VALUES(401,108,'_Standard',2,5,'MODULAR FRAME','Automated','Manufacturer','Craft Bench',10.0,2.0,NULL,NULL);
INSERT INTO recipe VALUES(402,108,'_Standard',3,3,'SCREW','Automated','Manufacturer','Craft Bench',240.0,2.0,NULL,NULL);
INSERT INTO recipe VALUES(403,108,'_Standard',4,2,'STEEL PIPE','Automated','Manufacturer','Craft Bench',40.0,2.0,NULL,NULL);
INSERT INTO recipe VALUES(404,108,'Alternate: Heavy Encased Frame',1,1,'CONCRETE','Automated','Manufacturer',NULL,20.625,2.813000000000000166,NULL,NULL);
INSERT INTO recipe VALUES(405,108,'Alternate: Heavy Encased Frame',2,3,'ENCASED INDUSTRIAL BEAM','Automated','Manufacturer',NULL,9.375,2.813000000000000166,NULL,NULL);
INSERT INTO recipe VALUES(406,108,'Alternate: Heavy Encased Frame',3,5,'MODULAR FRAME','Automated','Manufacturer',NULL,7.5,2.813000000000000166,NULL,NULL);
INSERT INTO recipe VALUES(407,108,'Alternate: Heavy Encased Frame',4,2,'STEEL PIPE','Automated','Manufacturer',NULL,33.75,2.813000000000000166,NULL,NULL);
INSERT INTO recipe VALUES(408,108,'Alternate: Heavy Flexible Frame',1,3,'ENCASED INDUSTRIAL BEAM','Automated','Manufacturer',NULL,11.25,3.75,NULL,NULL);
INSERT INTO recipe VALUES(409,108,'Alternate: Heavy Flexible Frame',2,5,'MODULAR FRAME','Automated','Manufacturer',NULL,18.75,3.75,NULL,NULL);
INSERT INTO recipe VALUES(410,108,'Alternate: Heavy Flexible Frame',3,1.100000000000000089,'RUBBER','Automated','Manufacturer',NULL,75.0,3.75,NULL,NULL);
INSERT INTO recipe VALUES(411,108,'Alternate: Heavy Flexible Frame',4,3,'SCREW','Automated','Manufacturer',NULL,390.0,3.75,NULL,NULL);
INSERT INTO recipe VALUES(412,109,'_Standard',1,5,'MOTOR','Automated','Manufacturer',NULL,2.0,1.0,NULL,NULL);
INSERT INTO recipe VALUES(413,109,'_Standard',2,1.100000000000000089,'RUBBER','Automated','Manufacturer',NULL,15.0,1.0,NULL,NULL);
INSERT INTO recipe VALUES(414,109,'_Standard',3,5,'SMART PLATING','Automated','Manufacturer',NULL,2.0,1.0,NULL,NULL);
INSERT INTO recipe VALUES(415,110,'_Standard',1,3,'ALUMINIUM CASING','Automated','Manufacturer','Craft Bench',40.0,2.5,NULL,NULL);
INSERT INTO recipe VALUES(416,110,'_Standard',2,4.099999999999999644,'COMPUTER','Automated','Manufacturer','Craft Bench',2.5,2.5,NULL,NULL);
INSERT INTO recipe VALUES(417,110,'_Standard',3,5,'CRYSTAL OSCILLATOR','Automated','Manufacturer','Craft Bench',1.25,2.5,NULL,NULL);
INSERT INTO recipe VALUES(418,110,'Alternate: Radio Connection Unit',1,4,'HEAT SINK','Automated','Manufacturer',NULL,15.0,3.75,NULL,NULL);
INSERT INTO recipe VALUES(419,110,'Alternate: Radio Connection Unit',2,4.099999999999999644,'HIGH-SPEED CONNECTOR','Automated','Manufacturer',NULL,7.5,3.75,NULL,NULL);
INSERT INTO recipe VALUES(420,110,'Alternate: Radio Connection Unit',3,1,'QUARTZ CRYSTAL','Automated','Manufacturer',NULL,45.0,3.75,NULL,NULL);
INSERT INTO recipe VALUES(421,110,'Alternate: Radio Control System',1,3,'ALUMINIUM CASING','Automated','Manufacturer',NULL,90.0,4.5,NULL,NULL);
INSERT INTO recipe VALUES(422,110,'Alternate: Radio Control System',2,3,'CIRCUIT BOARD','Automated','Manufacturer',NULL,15.0,4.5,NULL,NULL);
INSERT INTO recipe VALUES(423,110,'Alternate: Radio Control System',3,5,'CRYSTAL OSCILLATOR','Automated','Manufacturer',NULL,1.5,4.5,NULL,NULL);
INSERT INTO recipe VALUES(424,110,'Alternate: Radio Control System',4,1.100000000000000089,'RUBBER','Automated','Manufacturer',NULL,45.0,4.5,NULL,NULL);
INSERT INTO recipe VALUES(425,111,'_Standard',1,5,'MODULAR FRAME','Automated','Assembler',NULL,2.5,5.0,NULL,NULL);
INSERT INTO recipe VALUES(426,111,'_Standard',2,2,'STEEL BEAM','Automated','Assembler',NULL,30.0,5.0,NULL,NULL);
INSERT INTO recipe VALUES(427,111,'Alternate: Flexible Framework',1,5,'MODULAR FRAME','Automated','Manufacturer',NULL,3.75,7.5,NULL,NULL);
INSERT INTO recipe VALUES(428,111,'Alternate: Flexible Framework',2,1.100000000000000089,'RUBBER','Automated','Manufacturer',NULL,30.0,7.5,NULL,NULL);
INSERT INTO recipe VALUES(429,111,'Alternate: Flexible Framework',3,2,'STEEL BEAM','Automated','Manufacturer',NULL,22.5,7.5,NULL,NULL);
INSERT INTO recipe VALUES(430,112,'_Standard',1,3,'ALUMINIUM CASING','Automated','Blender',NULL,75.0,1.5,NULL,NULL);
INSERT INTO recipe VALUES(431,112,'_Standard',2,6,'HEAVY MODULAR FRAME','Automated','Blender',NULL,1.5,1.5,NULL,NULL);
INSERT INTO recipe VALUES(432,112,'_Standard',3,0,'NITROGEN GAS','Automated','Blender',NULL,37.5,1.5,NULL,NULL);
INSERT INTO recipe VALUES(433,112,'Alternate: Heat-Fused Frame',1,2,'ALUMINIUM INGOT','Automated','Blender',NULL,150.0,3.0,NULL,NULL);
INSERT INTO recipe VALUES(434,112,'Alternate: Heat-Fused Frame',2,1.100000000000000089,'FUEL','Automated','Blender',NULL,30.0,3.0,NULL,NULL);
INSERT INTO recipe VALUES(435,112,'Alternate: Heat-Fused Frame',3,6,'HEAVY MODULAR FRAME','Automated','Blender',NULL,3.0,3.0,NULL,NULL);
INSERT INTO recipe VALUES(436,112,'Alternate: Heat-Fused Frame',4,9,'NITRIC ACID','Automated','Blender',NULL,24.0,3.0,NULL,NULL);
INSERT INTO recipe VALUES(437,113,'_Standard',1,4,'AUTOMATED WIRING','Automated','Manufacturer',NULL,5.0,1.0,NULL,NULL);
INSERT INTO recipe VALUES(438,113,'_Standard',2,3,'CIRCUIT BOARD','Automated','Manufacturer',NULL,5.0,1.0,NULL,NULL);
INSERT INTO recipe VALUES(439,113,'_Standard',3,4.099999999999999644,'COMPUTER','Automated','Manufacturer',NULL,2.0,1.0,NULL,NULL);
INSERT INTO recipe VALUES(440,113,'_Standard',4,6,'HEAVY MODULAR FRAME','Automated','Manufacturer',NULL,1.0,1.0,NULL,NULL);
INSERT INTO recipe VALUES(441,114,'_Standard',1,7,'FUSED MODULAR FRAME','Automated','Assembler','Craft Bench',1.0,1.0,NULL,NULL);
INSERT INTO recipe VALUES(442,114,'_Standard',2,6,'RADIO CONTROL UNIT','Automated','Assembler','Craft Bench',2.0,1.0,NULL,NULL);
INSERT INTO recipe VALUES(443,115,'_Standard',1,6,'COOLING SYSTEM','Automated','Manufacturer','Craft Bench',7.5,1.875,NULL,NULL);
INSERT INTO recipe VALUES(444,115,'_Standard',2,5,'MOTOR','Automated','Manufacturer','Craft Bench',7.5,1.875,NULL,NULL);
INSERT INTO recipe VALUES(445,115,'_Standard',3,6,'RADIO CONTROL UNIT','Automated','Manufacturer','Craft Bench',3.75,1.875,NULL,NULL);
INSERT INTO recipe VALUES(446,115,'_Standard',4,1.100000000000000089,'RUBBER','Automated','Manufacturer','Craft Bench',45.0,1.875,NULL,NULL);
INSERT INTO recipe VALUES(447,115,'Alternate: Turbo Electric Motor',1,4,'ELECTROMAGNETIC CONTROL ROD','Automated','Manufacturer',NULL,4.687999999999999723,2.813000000000000166,NULL,NULL);
INSERT INTO recipe VALUES(448,115,'Alternate: Turbo Electric Motor',2,5,'MOTOR','Automated','Manufacturer',NULL,6.562999999999999723,2.813000000000000166,NULL,NULL);
INSERT INTO recipe VALUES(449,115,'Alternate: Turbo Electric Motor',3,6,'RADIO CONTROL UNIT','Automated','Manufacturer',NULL,8.438000000000000612,2.813000000000000166,NULL,NULL);
INSERT INTO recipe VALUES(450,115,'Alternate: Turbo Electric Motor',4,4,'ROTOR','Automated','Manufacturer',NULL,6.562999999999999723,2.813000000000000166,NULL,NULL);
INSERT INTO recipe VALUES(451,115,'Alternate: Turbo Pressure Motor',1,5,'MOTOR','Automated','Manufacturer',NULL,7.5,3.75,NULL,NULL);
INSERT INTO recipe VALUES(452,115,'Alternate: Turbo Pressure Motor',2,1.300000000000000044,'PACKAGED NITROGEN GAS','Automated','Manufacturer',NULL,45.0,3.75,NULL,NULL);
INSERT INTO recipe VALUES(453,115,'Alternate: Turbo Pressure Motor',3,7.099999999999999645,'PRESSURE CONVERSION CUBE','Automated','Manufacturer',NULL,1.875,3.75,NULL,NULL);
INSERT INTO recipe VALUES(454,115,'Alternate: Turbo Pressure Motor',4,3,'STATOR','Automated','Manufacturer',NULL,15.0,3.75,NULL,NULL);
INSERT INTO recipe VALUES(455,116,'_Standard',1,7.099999999999999645,'ADAPTIVE CONTROL UNIT','Automated','Assembler',NULL,1.5,0.75,NULL,NULL);
INSERT INTO recipe VALUES(456,116,'_Standard',2,5,'SUPERCOMPUTER','Automated','Assembler',NULL,0.75,0.75,NULL,NULL);
INSERT INTO recipe VALUES(457,117,'_Standard',1,4,'ELECTROMAGNETIC CONTROL ROD','Automated','Assembler',NULL,1.0,1.0,NULL,NULL);
INSERT INTO recipe VALUES(458,117,'_Standard',2,6,'VERSATILE FRAMEWORK','Automated','Assembler',NULL,2.5,1.0,NULL,NULL);
INSERT INTO recipe VALUES(459,118,'_Standard',1,2,'COPPER POWDER','Automated','Particle Accelerator',NULL,100.0,0.5,NULL,NULL);
INSERT INTO recipe VALUES(460,118,'_Standard',2,7.099999999999999645,'PRESSURE CONVERSION CUBE','Automated','Particle Accelerator',NULL,0.5,0.5,NULL,NULL);
INSERT INTO recipe VALUES(461,119,'_Standard',1,6,'COOLING SYSTEM','Automated','Manufacturer',NULL,3.0,1.0,NULL,NULL);
INSERT INTO recipe VALUES(462,119,'_Standard',2,7,'FUSED MODULAR FRAME','Automated','Manufacturer',NULL,1.0,1.0,NULL,NULL);
INSERT INTO recipe VALUES(463,119,'_Standard',3,6,'MODULAR ENGINE','Automated','Manufacturer',NULL,2.5,1.0,NULL,NULL);
INSERT INTO recipe VALUES(464,119,'_Standard',4,7.200000000000000177,'TURBO MOTOR','Automated','Manufacturer',NULL,1.0,1.0,NULL,NULL);
INSERT INTO recipe VALUES(465,120,'_Standard',1,11,'NO INPUT','Automated','Converter',NULL,0.0,200.0,NULL,NULL);
INSERT INTO recipe VALUES(466,121,'_Standard',1,8,'EXCITED PHOTONIC MATTER','Automated','Quantum Encoder',NULL,75.0,3.0,'DARK MATTER RESIDUE',75.0);
INSERT INTO recipe VALUES(467,121,'_Standard',2,3,'FICSITE TRIGON','Automated','Quantum Encoder',NULL,45.0,3.0,'DARK MATTER RESIDUE',75.0);
INSERT INTO recipe VALUES(468,121,'_Standard',3,5,'SUPERCOMPUTER','Automated','Quantum Encoder',NULL,3.0,3.0,'DARK MATTER RESIDUE',75.0);
INSERT INTO recipe VALUES(469,121,'_Standard',4,2,'TIME CRYSTAL','Automated','Quantum Encoder',NULL,15.0,3.0,'DARK MATTER RESIDUE',75.0);
INSERT INTO recipe VALUES(470,122,'_Standard',1,1,'CONCRETE','Automated','Manufacturer',NULL,200.0,10.0,NULL,NULL);
INSERT INTO recipe VALUES(471,122,'_Standard',2,2,'DARK MATTER CRYSTAL','Automated','Manufacturer',NULL,20.0,10.0,NULL,NULL);
INSERT INTO recipe VALUES(472,122,'_Standard',3,2,'IRON PLATE','Automated','Manufacturer',NULL,100.0,10.0,NULL,NULL);
INSERT INTO recipe VALUES(473,122,'_Standard',4,7.299999999999999823,'NUCLEAR PASTA','Automated','Manufacturer',NULL,1.0,10.0,NULL,NULL);
INSERT INTO recipe VALUES(474,123,'_Standard',1,3,'ALCLAD ALUMINIUM SHEET','Automated','Quantum Encoder',NULL,45.0,5.0,'DARK MATTER RESIDUE',125.0);
INSERT INTO recipe VALUES(475,123,'_Standard',2,5,'CRYSTAL OSCILLATOR','Automated','Quantum Encoder',NULL,5.0,5.0,'DARK MATTER RESIDUE',125.0);
INSERT INTO recipe VALUES(476,123,'_Standard',3,2,'DARK MATTER CRYSTAL','Automated','Quantum Encoder',NULL,30.0,5.0,'DARK MATTER RESIDUE',125.0);
INSERT INTO recipe VALUES(477,123,'_Standard',4,8,'EXCITED PHOTONIC MATTER','Automated','Quantum Encoder',NULL,125.0,5.0,'DARK MATTER RESIDUE',125.0);
INSERT INTO recipe VALUES(478,124,'_Standard',1,8,'EXCITED PHOTONIC MATTER','Automated','Quantum Encoder',NULL,100.0,4.0,'DARK MATTER RESIDUE',100.0);
INSERT INTO recipe VALUES(479,124,'_Standard',2,7.299999999999999823,'MAGNETIC FIELD GENERATOR','Automated','Quantum Encoder',NULL,4.0,4.0,'DARK MATTER RESIDUE',100.0);
INSERT INTO recipe VALUES(480,124,'_Standard',3,8,'NEURAL-QUANTUM PROCESSOR','Automated','Quantum Encoder',NULL,4.0,4.0,'DARK MATTER RESIDUE',100.0);
INSERT INTO recipe VALUES(481,124,'_Standard',4,8,'SUPERPOSITION OSCILLATOR','Automated','Quantum Encoder',NULL,4.0,4.0,'DARK MATTER RESIDUE',100.0);
INSERT INTO recipe VALUES(482,125,'_Standard',1,8,'EXCITED PHOTONIC MATTER','Automated','Quantum Encoder',NULL,60.0,2.5,'DARK MATTER RESIDUE',60.0);
INSERT INTO recipe VALUES(483,125,'_Standard',2,8.099999999999999645,'POWER SHARD','Automated','Quantum Encoder',NULL,7.5,2.5,'DARK MATTER RESIDUE',60.0);
INSERT INTO recipe VALUES(484,125,'_Standard',3,3,'SAM FLUCTUATOR','Automated','Quantum Encoder',NULL,12.5,2.5,'DARK MATTER RESIDUE',60.0);
INSERT INTO recipe VALUES(485,125,'_Standard',4,8,'SUPERPOSITION OSCILLATOR','Automated','Quantum Encoder',NULL,7.5,2.5,'DARK MATTER RESIDUE',60.0);
INSERT INTO recipe VALUES(486,126,'_Standard',1,2,'DARK MATTER CRYSTAL','Automated','Manufacturer',NULL,40.0,1.0,NULL,NULL);
INSERT INTO recipe VALUES(487,126,'_Standard',2,8,'SINGULARITY CELL','Automated','Manufacturer',NULL,5.0,1.0,NULL,NULL);
INSERT INTO recipe VALUES(488,126,'_Standard',3,8,'SUPERPOSITION OSCILLATOR','Automated','Manufacturer',NULL,2.0,1.0,NULL,NULL);
INSERT INTO recipe VALUES(489,126,'_Standard',4,7.299999999999999823,'THERMAL PROPULSION ROCKET','Automated','Manufacturer',NULL,1.0,1.0,NULL,NULL);
INSERT INTO recipe VALUES(490,127,'_Standard',1,7.299999999999999823,'ASSEMBLY DIRECTOR SYSTEM','Automated','Blender',NULL,0.5,2.0,NULL,NULL);
INSERT INTO recipe VALUES(491,127,'_Standard',2,3,'FICSITE TRIGON','Automated','Blender',NULL,40.0,2.0,NULL,NULL);
INSERT INTO recipe VALUES(492,127,'_Standard',3,0,'WATER','Automated','Blender',NULL,10.0,2.0,NULL,NULL);
INSERT INTO recipe VALUES(493,128,'_Standard',1,2,'DARK MATTER CRYSTAL','Automated','Quantum Encoder',NULL,10.0,5.0,'DARK MATTER RESIDUE',60.0);
INSERT INTO recipe VALUES(494,128,'_Standard',2,8,'EXCITED PHOTONIC MATTER','Automated','Quantum Encoder',NULL,60.0,5.0,'DARK MATTER RESIDUE',60.0);
INSERT INTO recipe VALUES(495,128,'_Standard',3,1,'QUARTZ CRYSTAL','Automated','Quantum Encoder',NULL,60.0,5.0,'DARK MATTER RESIDUE',60.0);
INSERT INTO recipe VALUES(496,128,'_Standard',4,2,'TIME CRYSTAL','Automated','Quantum Encoder',NULL,10.0,5.0,'DARK MATTER RESIDUE',60.0);
INSERT INTO recipe VALUES(497,129,'_Standard',1,1,'CONCRETE','Automated','Blender',NULL,15.0,25.0,'SULFURIC ACID',10.0);
INSERT INTO recipe VALUES(498,129,'_Standard',2,1.100000000000000089,'SULFURIC ACID','Automated','Blender',NULL,40.0,25.0,'SULFURIC ACID',10.0);
INSERT INTO recipe VALUES(499,129,'_Standard',3,0,'URANIUM','Automated','Blender',NULL,50.0,25.0,'SULFURIC ACID',10.0);
INSERT INTO recipe VALUES(500,129,'Alternate: Infused Uranium Cell',1,2,'QUICKWIRE','Automated','Manufacturer',NULL,75.0,20.0,NULL,NULL);
INSERT INTO recipe VALUES(501,129,'Alternate: Infused Uranium Cell',2,1,'SILICA','Automated','Manufacturer',NULL,15.0,20.0,NULL,NULL);
INSERT INTO recipe VALUES(502,129,'Alternate: Infused Uranium Cell',3,0,'SULFUR','Automated','Manufacturer',NULL,25.0,20.0,NULL,NULL);
INSERT INTO recipe VALUES(503,129,'Alternate: Infused Uranium Cell',4,0,'URANIUM','Automated','Manufacturer',NULL,25.0,20.0,NULL,NULL);
INSERT INTO recipe VALUES(504,130,'_Standard',1,4,'ELECTROMAGNETIC CONTROL ROD','Automated','Quantum Encoder',NULL,5.0,2.5,'DARK MATTER RESIDUE',NULL);
INSERT INTO recipe VALUES(505,130,'_Standard',2,8,'EXCITED PHOTONIC MATTER','Automated','Quantum Encoder',NULL,50.0,2.5,'DARK MATTER RESIDUE',NULL);
INSERT INTO recipe VALUES(506,130,'_Standard',3,3,'FICSITE TRIGON','Automated','Quantum Encoder',NULL,100.0,2.5,'DARK MATTER RESIDUE',NULL);
INSERT INTO recipe VALUES(507,130,'_Standard',4,9.199999999999999289,'FICSONIUM','Automated','Quantum Encoder',NULL,5.0,2.5,'DARK MATTER RESIDUE',NULL);
INSERT INTO recipe VALUES(508,131,'_Standard',1,2,'IRON PLATE','Automated','Blender',NULL,10.0,30.0,NULL,NULL);
INSERT INTO recipe VALUES(509,131,'_Standard',2,0,'NITROGEN GAS','Automated','Blender',NULL,120.0,30.0,NULL,NULL);
INSERT INTO recipe VALUES(510,131,'_Standard',3,0,'WATER','Automated','Blender',NULL,30.0,30.0,NULL,NULL);
INSERT INTO recipe VALUES(511,132,'_Standard',1,9,'NITRIC ACID','Automated','Blender',NULL,15.0,50.0,'WATER',15.0);
INSERT INTO recipe VALUES(512,132,'_Standard',2,1,'SILICA','Automated','Blender',NULL,25.0,50.0,'WATER',15.0);
INSERT INTO recipe VALUES(513,132,'_Standard',3,1.100000000000000089,'SULFURIC ACID','Automated','Blender',NULL,15.0,50.0,'WATER',15.0);
INSERT INTO recipe VALUES(514,132,'_Standard',4,9,'URANIUM WASTE','Automated','Blender',NULL,37.5,50.0,'WATER',15.0);
INSERT INTO recipe VALUES(515,132,'Alternate: Fertile Uranium',1,9,'NITRIC ACID','Automated','Blender',NULL,15.0,100.0,'WATER',40.0);
INSERT INTO recipe VALUES(516,132,'Alternate: Fertile Uranium',2,1.100000000000000089,'SULFURIC ACID','Automated','Blender',NULL,25.0,100.0,'WATER',40.0);
INSERT INTO recipe VALUES(517,132,'Alternate: Fertile Uranium',3,0,'URANIUM','Automated','Blender',NULL,25.0,100.0,'WATER',40.0);
INSERT INTO recipe VALUES(518,132,'Alternate: Fertile Uranium',4,9,'URANIUM WASTE','Automated','Blender',NULL,25.0,100.0,'WATER',40.0);
INSERT INTO recipe VALUES(519,133,'_Standard',1,4,'ELECTROMAGNETIC CONTROL ROD','Automated','Manufacturer',NULL,2.0,0.4000000000000000222,NULL,NULL);
INSERT INTO recipe VALUES(520,133,'_Standard',2,3,'ENCASED INDUSTRIAL BEAM','Automated','Manufacturer',NULL,1.199999999999999956,0.4000000000000000222,NULL,NULL);
INSERT INTO recipe VALUES(521,133,'_Standard',3,9,'ENCASED URANIUM CELL','Automated','Manufacturer',NULL,20.0,0.4000000000000000222,NULL,NULL);
INSERT INTO recipe VALUES(522,133,'Alternate: Uranium Fuel Unit',1,5,'CRYSTAL OSCILLATOR','Automated','Manufacturer',NULL,0.5999999999999999778,0.5999999999999999778,NULL,NULL);
INSERT INTO recipe VALUES(523,133,'Alternate: Uranium Fuel Unit',2,4,'ELECTROMAGNETIC CONTROL ROD','Automated','Manufacturer',NULL,2.0,0.5999999999999999778,NULL,NULL);
INSERT INTO recipe VALUES(524,133,'Alternate: Uranium Fuel Unit',3,9,'ENCASED URANIUM CELL','Automated','Manufacturer',NULL,20.0,0.5999999999999999778,NULL,NULL);
INSERT INTO recipe VALUES(525,133,'Alternate: Uranium Fuel Unit',4,4,'ROTOR','Automated','Manufacturer',NULL,2.0,0.5999999999999999778,NULL,NULL);
INSERT INTO recipe VALUES(526,134,'_Standard',1,9,'0','Automated','Nuclear Generator',NULL,0.0,0.0,NULL,NULL);
INSERT INTO recipe VALUES(527,135,'_Standard',1,9,'NON-FISSILE URANIUM','Automated','Particle Accelerator',NULL,100.0,30.0,NULL,NULL);
INSERT INTO recipe VALUES(528,135,'_Standard',2,9,'URANIUM WASTE','Automated','Particle Accelerator',NULL,25.0,30.0,NULL,NULL);
INSERT INTO recipe VALUES(529,136,'_Standard',1,1,'CONCRETE','Automated','Assembler','Craft Bench',20.0,5.0,NULL,NULL);
INSERT INTO recipe VALUES(530,136,'_Standard',2,9.099999999999999645,'PLUTONIUM PELLET','Automated','Assembler','Craft Bench',10.0,5.0,NULL,NULL);
INSERT INTO recipe VALUES(531,136,'Alternate: Instant Plutonium Cell',1,3,'ALUMINIUM CASING','Automated','Particle Accelerator',NULL,10.0,10.0,NULL,NULL);
INSERT INTO recipe VALUES(532,136,'Alternate: Instant Plutonium Cell',2,9,'NON-FISSILE URANIUM','Automated','Particle Accelerator',NULL,75.0,10.0,NULL,NULL);
INSERT INTO recipe VALUES(533,137,'_Standard',1,2,'DARK MATTER RESIDUE','Automated','Particle Accelerator',NULL,200.0,10.0,NULL,NULL);
INSERT INTO recipe VALUES(534,137,'_Standard',2,9.30000000000000072,'PLUTONIUM WASTE','Automated','Particle Accelerator',NULL,10.0,10.0,NULL,NULL);
INSERT INTO recipe VALUES(535,137,'_Standard',3,8,'SINGULARITY CELL','Automated','Particle Accelerator',NULL,10.0,10.0,NULL,NULL);
INSERT INTO recipe VALUES(536,138,'_Standard',1,4,'ELECTROMAGNETIC CONTROL ROD','Automated','Manufacturer',NULL,1.5,0.25,NULL,NULL);
INSERT INTO recipe VALUES(537,138,'_Standard',2,9.199999999999999289,'ENCASED PLUTONIUM CELL','Automated','Manufacturer',NULL,7.5,0.25,NULL,NULL);
INSERT INTO recipe VALUES(538,138,'_Standard',3,4,'HEAT SINK','Automated','Manufacturer',NULL,2.5,0.25,NULL,NULL);
INSERT INTO recipe VALUES(539,138,'_Standard',4,2,'STEEL BEAM','Automated','Manufacturer',NULL,4.5,0.25,NULL,NULL);
INSERT INTO recipe VALUES(540,138,'Alternate: Plutonium Fuel Unit',1,9.199999999999999289,'ENCASED PLUTONIUM CELL','Automated','Assembler',NULL,10.0,0.5,NULL,NULL);
INSERT INTO recipe VALUES(541,138,'Alternate: Plutonium Fuel Unit',2,7.099999999999999645,'PRESSURE CONVERSION CUBE','Automated','Assembler',NULL,0.5,0.5,NULL,NULL);
INSERT INTO recipe VALUES(542,139,'_Standard',1,9.30000000000000072,'0','Automated','Nuclear Generator',NULL,0.0,0.0,NULL,NULL);
INSERT INTO recipe VALUES(543,157,'_Standard',1,10,'ALIEN PROTEIN','Manual','Constructor','Craft Bench',10.0,10.0,NULL,NULL);
INSERT INTO recipe VALUES(544,211,'Hatcher Protein',1,0,'HATCHER REMAINS','Automated','Constructor','Craft Bench',20.0,20.0,NULL,NULL);
INSERT INTO recipe VALUES(545,211,'Hog Protein',1,0,'HOG REMAINS','Automated','Constructor','Craft Bench',20.0,20.0,NULL,NULL);
INSERT INTO recipe VALUES(546,211,'Spitter Protein',1,0,'SPITTER REMAINS','Automated','Constructor','Craft Bench',20.0,20.0,NULL,NULL);
INSERT INTO recipe VALUES(547,211,'Stinger Protein',1,0,'STINGER REMAINS','Automated','Constructor','Craft Bench',20.0,20.0,NULL,NULL);
INSERT INTO recipe VALUES(548,212,'Biomass (Alien Protien)',1,10,'ALIEN PROTEIN','Automated','Constructor','Craft Bench',15.0,1500.0,NULL,NULL);
INSERT INTO recipe VALUES(549,212,'Biomass (Leaves)',1,0,'LEAVES','Automated','Constructor','Craft Bench',120.0,60.0,NULL,NULL);
INSERT INTO recipe VALUES(550,212,'Biomass (Mycelia)',1,0,'MYCELIA','Automated','Constructor','Craft Bench',15.0,150.0,NULL,NULL);
INSERT INTO recipe VALUES(551,212,'Biomass (Wood)',1,0,'WOOD','Automated','Constructor','Craft Bench',60.0,300.0,NULL,NULL);
INSERT INTO recipe VALUES(552,140,'_Standard',1,10,'NOBELISK','Automated','Assembler','Equipment Workshop',7.5,2.5,NULL,NULL);
INSERT INTO recipe VALUES(553,140,'_Standard',2,1.199999999999999956,'SMOKELESS POWDER','Automated','Assembler','Equipment Workshop',10.0,2.5,NULL,NULL);
INSERT INTO recipe VALUES(554,141,'_Standard',1,10,'IRON REBAR','Automated','Manufacturer','Equipment Workshop',10.0,5.0,NULL,NULL);
INSERT INTO recipe VALUES(555,141,'_Standard',2,1.199999999999999956,'SMOKELESS POWDER','Automated','Manufacturer','Equipment Workshop',10.0,5.0,NULL,NULL);
INSERT INTO recipe VALUES(556,141,'_Standard',3,2,'STEEL PIPE','Automated','Manufacturer','Equipment Workshop',10.0,5.0,NULL,NULL);
INSERT INTO recipe VALUES(557,142,'_Standard',1,0,'COAL','Automated','Manufacturer','Equipment Workshop',30.0,7.5,NULL,NULL);
INSERT INTO recipe VALUES(558,142,'_Standard',2,1.199999999999999956,'FABRIC','Automated','Manufacturer','Equipment Workshop',15.0,7.5,NULL,NULL);
INSERT INTO recipe VALUES(559,142,'_Standard',3,2,'IRON PLATE','Automated','Manufacturer','Equipment Workshop',15.0,7.5,NULL,NULL);
INSERT INTO recipe VALUES(560,158,'_Standard',1,10,'BIOMASS','Manual','Assembler','Equipment Workshop',50.0,5.0,NULL,NULL);
INSERT INTO recipe VALUES(561,158,'_Standard',2,10,'NOBELISK','Manual','Assembler','Equipment Workshop',5.0,5.0,NULL,NULL);
INSERT INTO recipe VALUES(562,159,'_Standard',1,4.099999999999999644,'HIGH-SPEED CONNECTOR','Manual','Assembler','Equipment Workshop',2.5,25.0,NULL,NULL);
INSERT INTO recipe VALUES(563,159,'_Standard',2,10,'RIFLE AMMO','Manual','Assembler','Equipment Workshop',50.0,25.0,NULL,NULL);
INSERT INTO recipe VALUES(564,143,'_Standard',1,3,'ALUMINIUM CASING','Automated','Manufacturer','Equipment Workshop',3.75,3.75,NULL,NULL);
INSERT INTO recipe VALUES(565,143,'_Standard',2,10,'GAS FILTER','Automated','Manufacturer','Equipment Workshop',3.75,3.75,NULL,NULL);
INSERT INTO recipe VALUES(566,143,'_Standard',3,2,'QUICKWIRE','Automated','Manufacturer','Equipment Workshop',30.0,3.75,NULL,NULL);
INSERT INTO recipe VALUES(567,144,'_Standard',1,2,'IRON ROD','Automated','Constructor','Equipment Workshop',15.0,15.0,NULL,NULL);
INSERT INTO recipe VALUES(568,145,'_Standard',1,10,'SOLID BIOFUEL','Automated','Refinery',NULL,90.0,60.0,NULL,NULL);
INSERT INTO recipe VALUES(569,145,'_Standard',2,0,'WATER','Automated','Refinery',NULL,45.0,60.0,NULL,NULL);
INSERT INTO recipe VALUES(570,146,'_Standard',1,1.100000000000000089,'BLACK POWDER','Automated','Assembler','Equipment Workshop',20.0,10.0,NULL,NULL);
INSERT INTO recipe VALUES(571,146,'_Standard',2,2,'STEEL PIPE','Automated','Assembler','Equipment Workshop',20.0,10.0,NULL,NULL);
INSERT INTO recipe VALUES(572,147,'_Standard',1,3,'AI LIMITER','Automated','Manufacturer','Equipment Workshop',3.0,0.5,NULL,NULL);
INSERT INTO recipe VALUES(573,147,'_Standard',2,9,'ENCASED URANIUM CELL','Automated','Manufacturer','Equipment Workshop',10.0,0.5,NULL,NULL);
INSERT INTO recipe VALUES(574,147,'_Standard',3,10,'NOBELISK','Automated','Manufacturer','Equipment Workshop',2.5,0.5,NULL,NULL);
INSERT INTO recipe VALUES(575,147,'_Standard',4,1.199999999999999956,'SMOKELESS POWDER','Automated','Manufacturer','Equipment Workshop',5.0,0.5,NULL,NULL);
INSERT INTO recipe VALUES(576,148,'_Standard',1,3,'EMPTY CANISTER','Automated','Packager',NULL,40.0,40.0,NULL,NULL);
INSERT INTO recipe VALUES(577,148,'_Standard',2,10,'LIQUID BIOFUEL','Automated','Packager',NULL,40.0,40.0,NULL,NULL);
INSERT INTO recipe VALUES(578,172,'Alternate: Automated Miner',1,2,'IRON PLATE','Automated','Assembler',NULL,4.0,1.0,NULL,NULL);
INSERT INTO recipe VALUES(579,172,'Alternate: Automated Miner',2,2,'STEEL PIPE','Automated','Assembler',NULL,4.0,1.0,NULL,NULL);
INSERT INTO recipe VALUES(580,128,'Power Shard (1)',1,0,'BLUE POWER SLUG','Automated','Constructor','Craft Bench',7.5,7.5,NULL,NULL);
INSERT INTO recipe VALUES(581,128,'Power Shard (2)',1,0,'YELLOW POWER SLUG','Automated','Constructor','Craft Bench',5.0,10.0,NULL,NULL);
INSERT INTO recipe VALUES(582,128,'Power Shard (5)',1,0,'PURPLE POWER SLUG','Automated','Constructor','Craft Bench',2.5,12.5,NULL,NULL);
INSERT INTO recipe VALUES(583,149,'_Standard',1,5,'CRYSTAL OSCILLATOR','Automated','Assembler','Equipment Workshop',1.0,5.0,NULL,NULL);
INSERT INTO recipe VALUES(584,149,'_Standard',2,10,'NOBELISK','Automated','Assembler','Equipment Workshop',5.0,5.0,NULL,NULL);
INSERT INTO recipe VALUES(585,150,'_Standard',1,1.199999999999999956,'COPPER SHEET','Automated','Assembler','Equipment Workshop',15.0,75.0,NULL,NULL);
INSERT INTO recipe VALUES(586,150,'_Standard',2,10,'SMOKELESS POWDER','Automated','Assembler','Equipment Workshop',10.0,75.0,NULL,NULL);
INSERT INTO recipe VALUES(587,151,'_Standard',1,10,'IRON REBAR','Automated','Assembler','Equipment Workshop',10.0,5.0,NULL,NULL);
INSERT INTO recipe VALUES(588,151,'_Standard',2,1,'QUARTZ CRYSTAL','Automated','Assembler','Equipment Workshop',15.0,5.0,NULL,NULL);
INSERT INTO recipe VALUES(589,160,'_Standard',1,10,'BIOMASS','Manual','Constructor','Craft Bench',120.0,60.0,NULL,NULL);
INSERT INTO recipe VALUES(590,152,'_Standard',1,10,'IRON REBAR','Automated','Assembler','Equipment Workshop',10.0,10.0,NULL,NULL);
INSERT INTO recipe VALUES(591,152,'_Standard',2,2,'QUICKWIRE','Automated','Assembler','Equipment Workshop',50.0,10.0,NULL,NULL);
INSERT INTO recipe VALUES(592,153,'_Standard',1,3,'ALUMINIUM CASING','Automated','Blender',NULL,15.0,250.0,NULL,NULL);
INSERT INTO recipe VALUES(593,153,'_Standard',2,10,'RIFLE AMMO','Automated','Blender',NULL,125.0,250.0,NULL,NULL);
INSERT INTO recipe VALUES(594,153,'_Standard',3,1.100000000000000089,'TURBOFUEL','Automated','Blender',NULL,15.0,250.0,NULL,NULL);
INSERT INTO recipe VALUES(595,153,'Turbo Rifle Ammo - Packaged',1,3,'ALUMINIUM CASING','Automated','Manufacturer',NULL,15.0,250.0,NULL,NULL);
INSERT INTO recipe VALUES(596,153,'Turbo Rifle Ammo - Packaged',2,1.300000000000000044,'PACKAGED TURBOFUEL','Automated','Manufacturer',NULL,15.0,250.0,NULL,NULL);
INSERT INTO recipe VALUES(597,153,'Turbo Rifle Ammo - Packaged',3,10,'RIFLE AMMO','Automated','Manufacturer',NULL,125.0,250.0,NULL,NULL);
INSERT INTO recipe VALUES(598,161,'_Standard',1,5,'MODULAR FRAME','Manual',NULL,'Equipment Workshop',3.0,1.0,NULL,NULL);
INSERT INTO recipe VALUES(599,161,'_Standard',2,4,'ROTOR','Manual',NULL,'Equipment Workshop',3.0,1.0,NULL,NULL);
INSERT INTO recipe VALUES(600,161,'_Standard',3,1,'SILICA','Manual',NULL,'Equipment Workshop',20.0,1.0,NULL,NULL);
INSERT INTO recipe VALUES(601,162,'_Standard',1,1.100000000000000089,'CABLE','Manual',NULL,'Equipment Workshop',15.0,1.0,NULL,NULL);
INSERT INTO recipe VALUES(602,162,'_Standard',2,2,'IRON ROD','Manual',NULL,'Equipment Workshop',25.0,1.0,NULL,NULL);
INSERT INTO recipe VALUES(603,162,'_Standard',3,4,'REINFORCED IRON PLATE','Manual',NULL,'Equipment Workshop',5.0,1.0,NULL,NULL);
INSERT INTO recipe VALUES(604,162,'_Standard',4,3,'SCREW','Manual',NULL,'Equipment Workshop',60.0,1.0,NULL,NULL);
INSERT INTO recipe VALUES(605,163,'_Standard',1,2,'IRON ROD','Manual',NULL,'Equipment Workshop',4.0,1.0,NULL,NULL);
INSERT INTO recipe VALUES(606,163,'_Standard',2,4,'REINFORCED IRON PLATE','Manual',NULL,'Equipment Workshop',4.0,1.0,NULL,NULL);
INSERT INTO recipe VALUES(607,163,'_Standard',3,4,'ROTOR','Manual',NULL,'Equipment Workshop',2.0,1.0,NULL,NULL);
INSERT INTO recipe VALUES(608,164,'_Standard',1,1.100000000000000089,'COPPER SHEET','Manual',NULL,'Equipment Workshop',10.0,1.0,NULL,NULL);
INSERT INTO recipe VALUES(609,164,'_Standard',2,1.199999999999999956,'FABRIC','Manual',NULL,'Equipment Workshop',50.0,1.0,NULL,NULL);
INSERT INTO recipe VALUES(610,164,'_Standard',3,2,'STEEL PIPE','Manual',NULL,'Equipment Workshop',10.0,1.0,NULL,NULL);
INSERT INTO recipe VALUES(611,165,'_Standard',1,3,'ALCLAD ALUMINIUM SHEET','Manual',NULL,'Equipment Workshop',50.0,1.0,NULL,NULL);
INSERT INTO recipe VALUES(612,165,'_Standard',2,1.199999999999999956,'FABRIC','Manual',NULL,'Equipment Workshop',50.0,1.0,NULL,NULL);
INSERT INTO recipe VALUES(613,165,'_Standard',3,1.100000000000000089,'PLASTIC','Manual',NULL,'Equipment Workshop',50.0,1.0,NULL,NULL);
INSERT INTO recipe VALUES(614,165,'_Standard',4,1.100000000000000089,'RUBBER','Manual',NULL,'Equipment Workshop',50.0,1.0,NULL,NULL);
INSERT INTO recipe VALUES(615,166,'_Standard',1,3,'ALCLAD ALUMINIUM SHEET','Manual',NULL,'Equipment Workshop',40.0,1.0,NULL,NULL);
INSERT INTO recipe VALUES(616,166,'_Standard',2,4.099999999999999644,'COMPUTER','Manual',NULL,'Equipment Workshop',8.0,1.0,NULL,NULL);
INSERT INTO recipe VALUES(617,166,'_Standard',3,6,'HEAVY MODULAR FRAME','Manual',NULL,'Equipment Workshop',4.0,1.0,NULL,NULL);
INSERT INTO recipe VALUES(618,166,'_Standard',4,5,'MOTOR','Manual',NULL,'Equipment Workshop',8.0,1.0,NULL,NULL);
INSERT INTO recipe VALUES(619,167,'_Standard',1,2,'IRON PLATE','Manual',NULL,'Equipment Workshop',25.0,1.0,NULL,NULL);
INSERT INTO recipe VALUES(620,167,'_Standard',2,5,'MOTOR','Manual',NULL,'Equipment Workshop',5.0,1.0,NULL,NULL);
INSERT INTO recipe VALUES(621,167,'_Standard',3,2,'STEEL PIPE','Manual',NULL,'Equipment Workshop',10.0,1.0,NULL,NULL);
INSERT INTO recipe VALUES(622,167,'_Standard',4,2,'WIRE','Manual',NULL,'Equipment Workshop',50.0,1.0,NULL,NULL);
INSERT INTO recipe VALUES(623,168,'_Standard',1,1.100000000000000089,'CABLE','Manual',NULL,'Equipment Workshop',50.0,1.0,NULL,NULL);
INSERT INTO recipe VALUES(624,168,'_Standard',2,10.09999999999999965,'OBJECT SCANNER','Manual',NULL,'Equipment Workshop',1.0,1.0,NULL,NULL);
INSERT INTO recipe VALUES(625,168,'_Standard',3,2,'STEEL BEAM','Manual',NULL,'Equipment Workshop',10.0,1.0,NULL,NULL);
INSERT INTO recipe VALUES(626,169,'_Standard',1,0,'BACON AGARIC','Manual',NULL,'Equipment Workshop',1.0,1.0,NULL,NULL);
INSERT INTO recipe VALUES(627,169,'_Standard',2,0,'BERYL NUT','Manual',NULL,'Equipment Workshop',5.0,1.0,NULL,NULL);
INSERT INTO recipe VALUES(628,169,'_Standard',3,0,'PALEBERRY','Manual',NULL,'Equipment Workshop',2.0,1.0,NULL,NULL);
INSERT INTO recipe VALUES(629,170,'_Standard',1,4,'REINFORCED IRON PLATE','Manual',NULL,'Equipment Workshop',4.0,1.0,NULL,NULL);
INSERT INTO recipe VALUES(630,170,'_Standard',2,3,'SCREW','Manual',NULL,'Equipment Workshop',50.0,1.0,NULL,NULL);
INSERT INTO recipe VALUES(631,170,'_Standard',3,2,'WIRE','Manual',NULL,'Equipment Workshop',20.0,1.0,NULL,NULL);
INSERT INTO recipe VALUES(632,171,'_Standard',1,1.100000000000000089,'CABLE','Manual',NULL,'Equipment Workshop',10.0,1.0,NULL,NULL);
INSERT INTO recipe VALUES(633,171,'_Standard',2,1.199999999999999956,'FABRIC','Manual',NULL,'Equipment Workshop',20.0,1.0,NULL,NULL);
INSERT INTO recipe VALUES(634,172,'_Standard',1,2,'IRON PLATE','Manual',NULL,'Equipment Workshop',2.0,1.0,NULL,NULL);
INSERT INTO recipe VALUES(635,172,'_Standard',2,2,'IRON ROD','Manual',NULL,'Equipment Workshop',4.0,1.0,NULL,NULL);
INSERT INTO recipe VALUES(636,173,'_Standard',1,10,'ALIEN PROTEIN','Manual',NULL,'Equipment Workshop',1.0,1.0,NULL,NULL);
INSERT INTO recipe VALUES(637,173,'_Standard',2,0,'BERYL NUT','Manual',NULL,'Equipment Workshop',10.0,1.0,NULL,NULL);
INSERT INTO recipe VALUES(638,174,'_Standard',1,2,'IRON ROD','Manual',NULL,'Equipment Workshop',16.0,1.0,NULL,NULL);
INSERT INTO recipe VALUES(639,174,'_Standard',2,4,'REINFORCED IRON PLATE','Manual',NULL,'Equipment Workshop',6.0,1.0,NULL,NULL);
INSERT INTO recipe VALUES(640,174,'_Standard',3,3,'SCREW','Manual',NULL,'Equipment Workshop',100.0,1.0,NULL,NULL);
INSERT INTO recipe VALUES(641,175,'_Standard',1,10,'MOTOR','Manual',NULL,'Equipment Workshop',2.0,1.0,NULL,NULL);
INSERT INTO recipe VALUES(642,175,'_Standard',2,1.100000000000000089,'RUBBER','Manual',NULL,'Equipment Workshop',10.0,1.0,NULL,NULL);
INSERT INTO recipe VALUES(643,175,'_Standard',3,3,'SCREW','Manual',NULL,'Equipment Workshop',250.0,1.0,NULL,NULL);
INSERT INTO recipe VALUES(644,175,'_Standard',4,2,'STEEL PIPE','Manual',NULL,'Equipment Workshop',25.0,1.0,NULL,NULL);
INSERT INTO recipe VALUES(645,176,'_Standard',1,10,'ALIEN PROTEIN','Manual',NULL,'Equipment Workshop',1.0,1.0,NULL,NULL);
INSERT INTO recipe VALUES(646,176,'_Standard',2,0,'BACON AGARIC','Manual',NULL,'Equipment Workshop',1.0,1.0,NULL,NULL);
INSERT INTO recipe VALUES(647,176,'_Standard',3,0,'MYCELIA','Manual',NULL,'Equipment Workshop',15.0,1.0,NULL,NULL);
INSERT INTO recipe VALUES(648,177,'_Standard',1,0,'MYCELIA','Manual',NULL,'Equipment Workshop',10.0,1.0,NULL,NULL);
INSERT INTO recipe VALUES(649,177,'_Standard',2,0,'PALEBERRY','Manual',NULL,'Equipment Workshop',5.0,1.0,NULL,NULL);
INSERT INTO recipe VALUES(650,178,'_Standard',1,2,'IRON ROD','Manual',NULL,'Equipment Workshop',25.0,1.0,NULL,NULL);
INSERT INTO recipe VALUES(651,178,'_Standard',2,5,'MODULAR FRAME','Manual',NULL,'Equipment Workshop',5.0,1.0,NULL,NULL);
INSERT INTO recipe VALUES(652,178,'_Standard',3,2,'WIRE','Manual',NULL,'Equipment Workshop',500.0,1.0,NULL,NULL);
INSERT INTO recipe VALUES(653,178,'_Standard',4,10.09999999999999965,'XENO-ZAPPER','Manual',NULL,'Equipment Workshop',2.0,1.0,NULL,NULL);
INSERT INTO recipe VALUES(654,179,'_Standard',1,1.100000000000000089,'CABLE','Manual',NULL,'Equipment Workshop',15.0,1.0,NULL,NULL);
INSERT INTO recipe VALUES(655,179,'_Standard',2,2,'IRON ROD','Manual',NULL,'Equipment Workshop',10.0,1.0,NULL,NULL);
INSERT INTO recipe VALUES(656,179,'_Standard',3,4,'REINFORCED IRON PLATE','Manual',NULL,'Equipment Workshop',2.0,1.0,NULL,NULL);
INSERT INTO recipe VALUES(657,179,'_Standard',4,2,'WIRE','Manual',NULL,'Equipment Workshop',50.0,1.0,NULL,NULL);
INSERT INTO recipe VALUES(658,180,'_Standard',1,1.100000000000000089,'CABLE','Manual',NULL,'Equipment Workshop',10.0,1.0,NULL,NULL);
INSERT INTO recipe VALUES(659,180,'_Standard',2,2,'IRON ROD','Manual',NULL,'Equipment Workshop',3.0,1.0,NULL,NULL);
INSERT INTO recipe VALUES(660,180,'_Standard',3,2,'QUICKWIRE','Manual',NULL,'Equipment Workshop',30.0,1.0,NULL,NULL);
INSERT INTO recipe VALUES(661,180,'_Standard',4,10.09999999999999965,'XENO-ZAPPER','Manual',NULL,'Equipment Workshop',1.0,1.0,NULL,NULL);
INSERT INTO recipe VALUES(662,181,'_Standard',1,-2,'0',NULL,NULL,NULL,0.0,0.0,NULL,NULL);
INSERT INTO recipe VALUES(663,182,'_Standard',1,-2,'0',NULL,NULL,NULL,0.0,0.0,NULL,NULL);
INSERT INTO recipe VALUES(664,183,'_Standard',1,-2,'0',NULL,NULL,NULL,0.0,0.0,NULL,NULL);
INSERT INTO recipe VALUES(665,184,'_Standard',1,-2,'0',NULL,NULL,NULL,0.0,0.0,NULL,NULL);
INSERT INTO recipe VALUES(666,185,'_Standard',1,-2,'0',NULL,NULL,NULL,0.0,0.0,NULL,NULL);
INSERT INTO recipe VALUES(667,186,'_Standard',1,-2,'0',NULL,NULL,NULL,0.0,0.0,NULL,NULL);
INSERT INTO recipe VALUES(668,187,'_Standard',1,-2,'0',NULL,NULL,NULL,0.0,0.0,NULL,NULL);
INSERT INTO recipe VALUES(669,188,'_Standard',1,-2,'0',NULL,NULL,NULL,0.0,0.0,NULL,NULL);
INSERT INTO recipe VALUES(670,189,'_Standard',1,-2,'0',NULL,NULL,NULL,0.0,0.0,NULL,NULL);
INSERT INTO recipe VALUES(671,190,'_Standard',1,-2,'0',NULL,NULL,NULL,0.0,0.0,NULL,NULL);
INSERT INTO recipe VALUES(672,191,'_Standard',1,-2,'0',NULL,NULL,NULL,0.0,0.0,NULL,NULL);
INSERT INTO recipe VALUES(673,192,'_Standard',1,-2,'0',NULL,NULL,NULL,0.0,0.0,NULL,NULL);
INSERT INTO recipe VALUES(674,193,'_Standard',1,-2,'0',NULL,NULL,NULL,0.0,0.0,NULL,NULL);
INSERT INTO recipe VALUES(675,194,'_Standard',1,-2,'0',NULL,NULL,NULL,0.0,0.0,NULL,NULL);
INSERT INTO recipe VALUES(676,195,'_Standard',1,-2,'0',NULL,NULL,NULL,0.0,0.0,NULL,NULL);
INSERT INTO recipe VALUES(677,196,'_Standard',1,-2,'0',NULL,NULL,NULL,0.0,0.0,NULL,NULL);
INSERT INTO recipe VALUES(678,197,'_Standard',1,-2,'0',NULL,NULL,NULL,0.0,0.0,NULL,NULL);
INSERT INTO recipe VALUES(679,198,'_Standard',1,-2,'0',NULL,NULL,NULL,0.0,0.0,NULL,NULL);
INSERT INTO recipe VALUES(680,199,'_Standard',1,-2,'0',NULL,NULL,NULL,0.0,0.0,NULL,NULL);
INSERT INTO recipe VALUES(681,200,'_Standard',1,-2,'0',NULL,NULL,NULL,0.0,0.0,NULL,NULL);
INSERT INTO recipe VALUES(682,201,'_Standard',1,-2,'0',NULL,NULL,NULL,0.0,0.0,NULL,NULL);
INSERT INTO recipe VALUES(683,202,'_Standard',1,-2,'0',NULL,NULL,NULL,0.0,0.0,NULL,NULL);
INSERT INTO recipe VALUES(684,203,'_Standard',1,-2,'0',NULL,NULL,NULL,0.0,0.0,NULL,NULL);
INSERT INTO recipe VALUES(685,204,'_Standard',1,-2,'0',NULL,NULL,NULL,0.0,0.0,NULL,NULL);
INSERT INTO recipe VALUES(686,205,'_Standard',1,-2,'0',NULL,NULL,NULL,0.0,0.0,NULL,NULL);
INSERT INTO recipe VALUES(687,206,'_Standard',1,-2,'0',NULL,NULL,NULL,0.0,0.0,NULL,NULL);
INSERT INTO recipe VALUES(688,207,'_Standard',1,-2,'0',NULL,NULL,NULL,0.0,0.0,NULL,NULL);
CREATE TABLE alternate_recipe (
    id INT PRIMARY KEY AUTO_INCREMENT,
    part_id INT NOT NULL,
    recipe_id INT NOT NULL,
    selected INT DEFAULT 0 CHECK (selected IN (0, 1)),
    FOREIGN KEY(part_id) REFERENCES part(id),
    FOREIGN KEY(recipe_id) REFERENCES recipe(id)
);
INSERT INTO alternate_recipe VALUES(1,83,278,0);
INSERT INTO alternate_recipe VALUES(2,84,282,0);
INSERT INTO alternate_recipe VALUES(3,33,103,0);
INSERT INTO alternate_recipe VALUES(4,70,236,0);
INSERT INTO alternate_recipe VALUES(5,34,107,0);
INSERT INTO alternate_recipe VALUES(6,34,109,0);
INSERT INTO alternate_recipe VALUES(7,95,320,0);
INSERT INTO alternate_recipe VALUES(8,35,116,0);
INSERT INTO alternate_recipe VALUES(9,36,122,0);
INSERT INTO alternate_recipe VALUES(10,86,124,0);
INSERT INTO alternate_recipe VALUES(11,86,286,0);
INSERT INTO alternate_recipe VALUES(12,86,288,0);
INSERT INTO alternate_recipe VALUES(13,24,126,0);
INSERT INTO alternate_recipe VALUES(14,24,128,0);
INSERT INTO alternate_recipe VALUES(15,24,64,0);
INSERT INTO alternate_recipe VALUES(16,87,292,0);
INSERT INTO alternate_recipe VALUES(17,87,294,0);
INSERT INTO alternate_recipe VALUES(18,87,296,0);
INSERT INTO alternate_recipe VALUES(19,4,15,0);
INSERT INTO alternate_recipe VALUES(20,4,16,0);
INSERT INTO alternate_recipe VALUES(21,208,66,0);
INSERT INTO alternate_recipe VALUES(22,100,348,0);
INSERT INTO alternate_recipe VALUES(23,100,351,0);
INSERT INTO alternate_recipe VALUES(24,25,69,0);
INSERT INTO alternate_recipe VALUES(25,25,71,0);
INSERT INTO alternate_recipe VALUES(26,25,130,0);
INSERT INTO alternate_recipe VALUES(27,107,397,0);
INSERT INTO alternate_recipe VALUES(28,26,74,0);
INSERT INTO alternate_recipe VALUES(29,26,132,0);
INSERT INTO alternate_recipe VALUES(30,26,134,0);
INSERT INTO alternate_recipe VALUES(31,26,76,0);
INSERT INTO alternate_recipe VALUES(32,72,136,0);
INSERT INTO alternate_recipe VALUES(33,102,362,0);
INSERT INTO alternate_recipe VALUES(34,73,241,0);
INSERT INTO alternate_recipe VALUES(35,73,242,0);
INSERT INTO alternate_recipe VALUES(36,27,79,0);
INSERT INTO alternate_recipe VALUES(37,27,138,0);
INSERT INTO alternate_recipe VALUES(38,27,139,0);
INSERT INTO alternate_recipe VALUES(39,27,140,0);
INSERT INTO alternate_recipe VALUES(40,27,142,0);
INSERT INTO alternate_recipe VALUES(41,96,325,0);
INSERT INTO alternate_recipe VALUES(42,88,299,0);
INSERT INTO alternate_recipe VALUES(43,88,301,0);
INSERT INTO alternate_recipe VALUES(44,90,305,0);
INSERT INTO alternate_recipe VALUES(45,136,531,0);
INSERT INTO alternate_recipe VALUES(46,129,500,0);
INSERT INTO alternate_recipe VALUES(47,43,187,0);
INSERT INTO alternate_recipe VALUES(48,37,145,0);
INSERT INTO alternate_recipe VALUES(49,112,433,0);
INSERT INTO alternate_recipe VALUES(50,97,329,0);
INSERT INTO alternate_recipe VALUES(51,108,404,0);
INSERT INTO alternate_recipe VALUES(52,108,408,0);
INSERT INTO alternate_recipe VALUES(53,209,148,0);
INSERT INTO alternate_recipe VALUES(54,101,356,0);
INSERT INTO alternate_recipe VALUES(55,38,151,0);
INSERT INTO alternate_recipe VALUES(56,28,82,0);
INSERT INTO alternate_recipe VALUES(57,28,84,0);
INSERT INTO alternate_recipe VALUES(58,28,153,0);
INSERT INTO alternate_recipe VALUES(59,28,155,0);
INSERT INTO alternate_recipe VALUES(60,76,252,0);
INSERT INTO alternate_recipe VALUES(61,76,254,0);
INSERT INTO alternate_recipe VALUES(62,77,257,0);
INSERT INTO alternate_recipe VALUES(63,77,258,0);
INSERT INTO alternate_recipe VALUES(64,103,367,0);
INSERT INTO alternate_recipe VALUES(65,103,369,0);
INSERT INTO alternate_recipe VALUES(66,104,373,0);
INSERT INTO alternate_recipe VALUES(67,104,375,0);
INSERT INTO alternate_recipe VALUES(68,132,515,0);
INSERT INTO alternate_recipe VALUES(69,48,202,0);
INSERT INTO alternate_recipe VALUES(70,39,158,0);
INSERT INTO alternate_recipe VALUES(71,138,540,0);
INSERT INTO alternate_recipe VALUES(72,210,162,0);
INSERT INTO alternate_recipe VALUES(73,172,578,0);
INSERT INTO alternate_recipe VALUES(74,29,87,0);
INSERT INTO alternate_recipe VALUES(75,29,163,0);
INSERT INTO alternate_recipe VALUES(76,29,165,0);
INSERT INTO alternate_recipe VALUES(77,78,260,0);
INSERT INTO alternate_recipe VALUES(78,110,418,0);
INSERT INTO alternate_recipe VALUES(79,110,421,0);
INSERT INTO alternate_recipe VALUES(80,98,333,0);
INSERT INTO alternate_recipe VALUES(81,98,335,0);
INSERT INTO alternate_recipe VALUES(82,98,337,0);
INSERT INTO alternate_recipe VALUES(83,45,192,0);
INSERT INTO alternate_recipe VALUES(84,99,341,0);
INSERT INTO alternate_recipe VALUES(85,99,343,0);
INSERT INTO alternate_recipe VALUES(86,40,168,0);
INSERT INTO alternate_recipe VALUES(87,93,312,0);
INSERT INTO alternate_recipe VALUES(88,93,313,0);
INSERT INTO alternate_recipe VALUES(89,31,91,0);
INSERT INTO alternate_recipe VALUES(90,31,172,0);
INSERT INTO alternate_recipe VALUES(91,105,380,0);
INSERT INTO alternate_recipe VALUES(92,94,316,0);
INSERT INTO alternate_recipe VALUES(93,79,263,0);
INSERT INTO alternate_recipe VALUES(94,79,264,0);
INSERT INTO alternate_recipe VALUES(95,32,95,0);
INSERT INTO alternate_recipe VALUES(96,32,97,0);
INSERT INTO alternate_recipe VALUES(97,32,99,0);
INSERT INTO alternate_recipe VALUES(98,80,267,0);
INSERT INTO alternate_recipe VALUES(99,80,268,0);
INSERT INTO alternate_recipe VALUES(100,106,387,0);
INSERT INTO alternate_recipe VALUES(101,106,389,0);
INSERT INTO alternate_recipe VALUES(102,115,447,0);
INSERT INTO alternate_recipe VALUES(103,115,451,0);
INSERT INTO alternate_recipe VALUES(104,42,179,0);
INSERT INTO alternate_recipe VALUES(105,42,181,0);
INSERT INTO alternate_recipe VALUES(106,133,522,0);
INSERT INTO alternate_recipe VALUES(107,111,427,0);
INSERT INTO alternate_recipe VALUES(108,82,272,0);
INSERT INTO alternate_recipe VALUES(109,82,273,0);
INSERT INTO alternate_recipe VALUES(110,82,275,0);
CREATE TABLE node_purity (
    id INT PRIMARY KEY AUTO_INCREMENT,
    node_purity VARCHAR(255) NOT NULL
);
INSERT INTO node_purity VALUES(1,' Impure');
INSERT INTO node_purity VALUES(2,'Normal');
INSERT INTO node_purity VALUES(3,'Pure');
CREATE TABLE miner_type (
    id INT PRIMARY KEY AUTO_INCREMENT,
    miner_type VARCHAR(255) NOT NULL
);
INSERT INTO miner_type VALUES(1,'Mk1');
INSERT INTO miner_type VALUES(2,'Mk2');
INSERT INTO miner_type VALUES(3,'Mk3');
CREATE TABLE miner_supply (
    id INT PRIMARY KEY AUTO_INCREMENT,
    node_purity_id INT NOT NULL,
    miner_type_id INT NOT NULL,
    base_supply_pm FLOAT NOT NULL,
    FOREIGN KEY(node_purity_id) REFERENCES node_purity(id),
    FOREIGN KEY(miner_type_id) REFERENCES miner_type(id)
);
INSERT INTO miner_supply VALUES(1,1,1,30.0);
INSERT INTO miner_supply VALUES(2,1,2,60.0);
INSERT INTO miner_supply VALUES(3,1,3,120.0);
INSERT INTO miner_supply VALUES(4,2,1,60.0);
INSERT INTO miner_supply VALUES(5,2,2,120.0);
INSERT INTO miner_supply VALUES(6,2,3,240.0);
INSERT INTO miner_supply VALUES(7,3,1,120.0);
INSERT INTO miner_supply VALUES(8,3,2,240.0);
INSERT INTO miner_supply VALUES(9,3,3,480.0);
CREATE TABLE power_shards (
    id INT PRIMARY KEY AUTO_INCREMENT,
    quantity INT NOT NULL,
    output_increase FLOAT NOT NULL
);
INSERT INTO power_shards VALUES(1,1,1.5);
INSERT INTO power_shards VALUES(2,2,2.0);
INSERT INTO power_shards VALUES(3,3,2.5);
CREATE TABLE user (
	id INT NOT NULL, 
	username VARCHAR(150) NOT NULL, 
	role VARCHAR(100) NOT NULL, 
	email VARCHAR(150) NOT NULL, 
	password VARCHAR(200) NOT NULL, 
	is_verified BOOLEAN, 
	PRIMARY KEY (id), 
	UNIQUE (username), 
	UNIQUE (email)
);
INSERT INTO user VALUES(1,'catalyst','user','catherine.vandijk@gmail.com','pbkdf2:sha256:1000000$8d1oJOQJIlm9PF1t$f19d32cac453cebf8affbd81897f8482d1a9a2223948ad19087b7c8e4ecac8bc',0);
INSERT INTO user VALUES(2,'MentalEggs','user','catstuff7000@hotmail.com','pbkdf2:sha256:1000000$h6nsl5cjTlBl7Gqr$002e21b2a12bc910370a226f62877639ee2204a5a7d97648a17a7aae625e0519',0);
CREATE TABLE alembic_version (
	version_num VARCHAR(32) NOT NULL, 
	CONSTRAINT alembic_version_pkc PRIMARY KEY (version_num)
);
CREATE TABLE data_validation (id INT PRIMARY KEY AUTO_INCREMENT, table_name VARCHAR(255) NOT NULL, column_name VARCHAR(255) NOT NULL, value VARCHAR(255), description VARCHAR(255));
INSERT INTO data_validation VALUES(1,'part','category','Collectibles','Items that need to be manually collected');
INSERT INTO data_validation VALUES(2,'part','category','End Record','Indicated the end of recursion for the dependency tree');
INSERT INTO data_validation VALUES(3,'part','category','Equipment','Items for personal use');
INSERT INTO data_validation VALUES(4,'part','category','Parts','Automated Parts');
INSERT INTO data_validation VALUES(5,'part','category','Raw Materials','Base materials');
INSERT INTO data_validation VALUES(6,'part','level','0','Raw materials');
INSERT INTO data_validation VALUES(7,'part','level','1','Red');
INSERT INTO data_validation VALUES(8,'part','level','1.1','Wet - level 1');
INSERT INTO data_validation VALUES(9,'part','level','1.2','Wet - level 2');
INSERT INTO data_validation VALUES(10,'part','level','1.3','Wet - level 3');
INSERT INTO data_validation VALUES(11,'part','level','1.4','Wet - level 4');
INSERT INTO data_validation VALUES(12,'part','level','2','Orange');
INSERT INTO data_validation VALUES(13,'part','level','3','Yellow');
INSERT INTO data_validation VALUES(14,'part','level','4','Green - level 1');
INSERT INTO data_validation VALUES(15,'part','level','4.1','Green - level 2');
INSERT INTO data_validation VALUES(16,'part','level','5','Blue');
INSERT INTO data_validation VALUES(17,'part','level','6','Indigo');
INSERT INTO data_validation VALUES(18,'part','level','7','Violet - level 1');
INSERT INTO data_validation VALUES(19,'part','level','7.1','Violet - level 2');
INSERT INTO data_validation VALUES(20,'part','level','7.2','Violet - level 3');
INSERT INTO data_validation VALUES(21,'part','level','7.3','Violet - level 4');
INSERT INTO data_validation VALUES(22,'part','level','8','Ultraviolet - level 1');
INSERT INTO data_validation VALUES(23,'part','level','8.1','Ultraviolet - level 2');
INSERT INTO data_validation VALUES(24,'part','level','9','Nuclear - level 1');
INSERT INTO data_validation VALUES(25,'part','level','9.1','Nuclear - level 2');
INSERT INTO data_validation VALUES(26,'part','level','9.2','Nuclear - level 3');
INSERT INTO data_validation VALUES(27,'part','level','9.3','Nuclear - level 4');
INSERT INTO data_validation VALUES(28,'part','level','10','Items for personal use or need manual input');
INSERT INTO data_validation VALUES(29,'part','level','10.1','Items for personal use or need manual input');
INSERT INTO data_validation VALUES(30,'part','level','11','Items for personal use or need manual input');
INSERT INTO data_validation VALUES(31,'recipe','base_production_type','Automated','Can be fully automated');
INSERT INTO data_validation VALUES(32,'recipe','base_production_type','Manual','Needs manual intervention');
INSERT INTO data_validation VALUES(33,'recipe','base_production_type',NULL,' End records NULL');
INSERT INTO data_validation VALUES(34,'recipe','produced_in_automated','Assembler','Part or raw material produced/processed in Assembler');
INSERT INTO data_validation VALUES(35,'recipe','produced_in_automated','Blender','Part or raw material produced/processed in Blender');
INSERT INTO data_validation VALUES(36,'recipe','produced_in_automated','Constructor','Part or raw material produced/processed in Constructor');
INSERT INTO data_validation VALUES(37,'recipe','produced_in_automated','Converter','Part or raw material produced/processed in Converter');
INSERT INTO data_validation VALUES(38,'recipe','produced_in_automated','Foundry','Part or raw material produced/processed in Foundry');
INSERT INTO data_validation VALUES(39,'recipe','produced_in_automated','Manufacturer','Part or raw material produced/processed in Manufacturer');
INSERT INTO data_validation VALUES(40,'recipe','produced_in_automated','Miner','Part or raw material produced/processed in Miner');
INSERT INTO data_validation VALUES(41,'recipe','produced_in_automated','Nuclear Generator','Part or raw material produced/processed in Nuclear Generator');
INSERT INTO data_validation VALUES(42,'recipe','produced_in_automated','Oil Extractor','Part or raw material produced/processed in Oil Extractor');
INSERT INTO data_validation VALUES(43,'recipe','produced_in_automated','Packager','Part or raw material produced/processed in Packager');
INSERT INTO data_validation VALUES(44,'recipe','produced_in_automated','Particle Accelerator','Part or raw material produced/processed in Particle Accelerator');
INSERT INTO data_validation VALUES(45,'recipe','produced_in_automated','Quantum Encoder','Part or raw material produced/processed in Quantum Encoder');
INSERT INTO data_validation VALUES(46,'recipe','produced_in_automated','Refinery','Part or raw material produced/processed in Refinery');
INSERT INTO data_validation VALUES(47,'recipe','produced_in_automated','Resource Well','Part or raw material produced/processed in Resource Well');
INSERT INTO data_validation VALUES(48,'recipe','produced_in_automated','Smelter','Part or raw material produced/processed in Smelter');
INSERT INTO data_validation VALUES(49,'recipe','produced_in_automated','Water Extractor','Part or raw material produced/processed in Water Extractor');
INSERT INTO data_validation VALUES(50,'recipe','produced_in_automated',NULL,'NULL for Collectibles, Equipment and End records');
INSERT INTO data_validation VALUES(51,'recipe','produced_in_manual','Collect By Hand','For collectibles and raw materiala');
INSERT INTO data_validation VALUES(52,'recipe','produced_in_manual','Crafting Bench','Can be created using the crafting bench');
INSERT INTO data_validation VALUES(53,'recipe','produced_in_manual','Equipment Workshop','Can be created using the equipment workshop');
INSERT INTO data_validation VALUES(54,'recipe','produced_in_manual',NULL,'NULL if there is no manual processing option');
INSERT INTO data_validation VALUES(55,'recipe','production_type','Dry','Part is produced with no need for wet inputs (e.g. water, oil etc)');
INSERT INTO data_validation VALUES(56,'recipe','production_type','Wet','Part is produced using wet inputs (e.g. water, oil etc)');
INSERT INTO data_validation VALUES(57,'recipe','production_type',NULL,'NULL if End record');
INSERT INTO data_validation VALUES(58,'recipe','byproduct','ALUMINA SOLUTION','Production of part also produces ALUMINA SOLUTION');
INSERT INTO data_validation VALUES(59,'recipe','byproduct','COMPACTED COAL','Production of part also produces COMPACTED COAL');
INSERT INTO data_validation VALUES(60,'recipe','byproduct','DARK MATTER RESIDUE','Production of part also produces DARK MATTER RESIDUE');
INSERT INTO data_validation VALUES(61,'recipe','byproduct','DISSOLVED SILICA','Production of part also produces DISSOLVED SILICA');
INSERT INTO data_validation VALUES(62,'recipe','byproduct','EMPTY CANISTER','Production of part also produces EMPTY CANISTER');
INSERT INTO data_validation VALUES(63,'recipe','byproduct','EMPTY FLUID TANK','Production of part also produces EMPTY FLUID TANK');
INSERT INTO data_validation VALUES(64,'recipe','byproduct','HEAVY OIL RESIDUE','Production of part also produces HEAVY OIL RESIDUE');
INSERT INTO data_validation VALUES(65,'recipe','byproduct','POLYMER RESIN','Production of part also produces POLYMER RESIN');
INSERT INTO data_validation VALUES(66,'recipe','byproduct','SILICA','Production of part also produces SILICA');
INSERT INTO data_validation VALUES(67,'recipe','byproduct','SULFURIC ACID','Production of part also produces SULFURIC ACID');
INSERT INTO data_validation VALUES(68,'recipe','byproduct','WATER','Production of part also produces WATER');
INSERT INTO data_validation VALUES(69,'recipe','byproduct',NULL,'NULL if no byproduct is produced');
INSERT INTO data_validation VALUES(70,'user','role','User','Standard user. No access to data_management.');
INSERT INTO data_validation VALUES(71,'user','role','Super_User','Super user. Access to data_management but no access to the user table.');
INSERT INTO data_validation VALUES(72,'user','role','Admin','Admin. Full access.');
INSERT INTO sqlite_sequence VALUES('part',212);
INSERT INTO sqlite_sequence VALUES('data_validation',77);
INSERT INTO sqlite_sequence VALUES('recipe',688);
INSERT INTO sqlite_sequence VALUES('alternate_recipe',110);
INSERT INTO sqlite_sequence VALUES('node_purity',3);
INSERT INTO sqlite_sequence VALUES('miner_type',3);
INSERT INTO sqlite_sequence VALUES('miner_supply',9);
INSERT INTO sqlite_sequence VALUES('power_shards',3);
COMMIT;
